key	text	tooltip
#Loc;1;text/db/AOJ_land_units.loc		
land_units_onscreen_name_att_ger_germanic_spear_masters	Adalboro Spears	true
land_units_onscreen_name_att_ger_bejewelled_retinue	Adalboro Warlord	true
land_units_onscreen_name_BAL_spears	Aestii Spearmen	true
land_units_onscreen_name_att_des_es_adana_marksmen	Adana Marksmen	true
land_units_onscreen_name_att_ger_agathyrsi_warriors	Agathyrsi Warriors	true
land_units_onscreen_name_cha_mus_berber_warriors	Agher Spearmen - not in use	true
land_units_onscreen_name_MAUR_agher_spears	Agher Spearmen	true
land_units_onscreen_name_GARAM_tuareg_spears	Agher Spearmen	true
land_units_onscreen_name_att_des_desert_chieftain	Aglid	true
land_units_onscreen_name_cha_mus_umayyad_guard_cav	Aglid	true
land_units_onscreen_name_att_cel_celtic_axe_warriors	Aintem Axemen	true
land_units_onscreen_name_att_rom_levis_armaturae	Akontistai	true
land_units_onscreen_name_att_rom_scout_equites	Ala Limitaneorum	true
land_units_onscreen_name_att_ger_jewelled_nobles	Alaman Adalboro Swords	true
land_units_onscreen_name_att_ger_alamannic_scavengers	Alaman Hiltiskalk Spears	true
land_units_onscreen_name_att_ger_chnodomar's_raiders	Alaman Mounted Halskara	true
land_units_onscreen_name_VISI_mediogres_spear	Mediogres Spears	true
land_units_onscreen_name_att_ger_elite_alamannic_scavengers	Alaman Skiltfolk Spears	true
land_units_onscreen_name_att_mar_alan_alani_artillery_crew	Alani Artillery Crew	true
land_units_onscreen_name_att_mar_alan_alani_artillery_dbl_crew	Alani Artillery Crew	true
land_units_onscreen_name_att_ger_alani_horsemen	Alani Horsemen	true
land_units_onscreen_name_att_mar_alan_alani_light_boatmen	Alani Light Boatmen	true
land_units_onscreen_name_att_mar_alan_alan_light_marauders	Alani Light Marauders	true
land_units_onscreen_name_att_mar_alan_alani_light_marauders	Alani Light Marauders	true
land_units_onscreen_name_att_mar_alan_alani_archer_marauders	Alani Marauder Archers	true
land_units_onscreen_name_att_mar_alan_alani_bowman_marauders	Alani Marauder Bowmen	true
land_units_onscreen_name_att_mar_alan_alani_bow_marauders	Alani Marauder Bows	true
land_units_onscreen_name_att_mar_alan_alani_marauders	Alani Marauders	true
land_units_onscreen_name_att_mar_alan_alanic_marauders	Alani Marauders	true
land_units_onscreen_name_att_mar_ger_alani_marauders	Alani Marauders	true
land_units_onscreen_name_ALAN_alanoi_archers	Alanoi Archers	true
land_units_onscreen_name_ALAN_cataphracts	Alanoi Cataphract Lancers	true
land_units_onscreen_name_att_alan_sarmatian_cataphracts	Alanoi Cataphract Lancers	true
land_units_onscreen_name_att_ger_sarmatian_cataphracts	Alanoi Cataphract Lancers	true
land_units_onscreen_name_att_alan_alani_nobles_general	Alanoi Chieftain	true
land_units_onscreen_name_att_alan_sarmatian_cataphracts_infantry_destroyer_tier_5	Alanoi Chosen Cataphracts	true
land_units_onscreen_name_att_alan_anti_cav_light_tier_4	Alanoi Chosen Horsemen	true
land_units_onscreen_name_att_alan_alani_chosen_raiders	Alanoi Chosen raiders	true
land_units_onscreen_name_att_alan_alani_horse_archers	Alanoi Horse Archers	true
land_units_onscreen_name_att_alan_anti_cav_light_tier_3	Alanoi Horsemen	true
land_units_onscreen_name_att_alan_alani_mounted_bows	Alanoi Mounted Bows	true
land_units_onscreen_name_att_alan_cataphract_archers	Alanoi Noble Horse Archers	true
land_units_onscreen_name_att_ger_alani_spearmen	Alanoi Spearmen	true
land_units_onscreen_name_att_alan_sarmatian_shock_tier_1	Alanoi Tribal Lancers	true
land_units_onscreen_name_att_ger_sarmatian_warband	Alanoi Warband	true
land_units_onscreen_name_att_ger_alani_general	Alanui K'an	true
land_units_onscreen_name_att_des_es_al_dawser	al-Dawser	true
land_units_onscreen_name_att_des_es_almaqahs_lancers	Almaqah’s Lancers	true
land_units_onscreen_name_att_des_es_al_rahrain	al-Rahrain	true
land_units_onscreen_name_att_des_es_al_shahba	al-Shahba	true
land_units_onscreen_name_cha_mus_archers	Amazigh Archers	true
land_units_onscreen_name_MAUR_amazigh_archers	Amazigh Archers	true
land_units_onscreen_name_att_des_garamantian_lancers	Amazigh Lancers	true
land_units_onscreen_name_att_des_amazigh_raiders	Amazigh Raiders	true
land_units_onscreen_name_cha_mus_berber_light_cav	Amazigh Raiders - not in use	true
land_units_onscreen_name_MAUR_amazigh_raiders	Amazigh Raiders	true
land_units_onscreen_name_att_des_amazigh_spearmen	Amazigh Spearmen	true
land_units_onscreen_name_MAUR_spear_throwers	Amazigh Spear-Throwers	true
land_units_onscreen_name_cha_mus_andalusian_skirm	Amazigh Spear-Throwers	true
land_units_onscreen_name_MAUR_amazigh_tribal_horsemen	Amazigh Tribal Horsemen	true
land_units_onscreen_name_cha_mus_berber_raiders	Amazigh Tribal Horsemen	true
land_units_onscreen_name_GARAM_tribal_horsemen	Amazigh Tribal Horsemen	true
land_units_onscreen_name_cha_mus_berber_levy	Amazigh Tribal Spears	true
land_units_onscreen_name_GARAM_tribal_spears	Amazigh Tribal Spears	true
land_units_onscreen_name_cha_mus_andalusian_infantry	Amazigh Tribesmen	true
land_units_onscreen_name_MAUR_amazigh_tribesmen	Amazigh Tribesmen	true
land_units_onscreen_name_cha_slav_ambushers	Ambushers	true
land_units_onscreen_name_BAL_ambushers	Balti Ambushers	true
land_units_onscreen_name_cha_spa_ambushers	Ambushers	true
land_units_onscreen_name_cha_mus_umayyad_guardsmen	Amxzni	true
land_units_onscreen_name_MAUR_amxzni	Amxzni	true
land_units_onscreen_name_GARAM_amxzni_spears	Amxzni	true
land_units_onscreen_name_GARAM_amxzni_horsemen	Amxzni Horsemen	true
land_units_onscreen_name_att_des_amazigh_lancers	Amxzni Lancers	true
land_units_onscreen_name_cha_mus_armoured_archers	Amxzni Sagittarii	true
land_units_onscreen_name_MAUR_amxzni_sagittarii	Amxzni Sagittarii	true
land_units_onscreen_name_cha_mus_andalusian_archer_boatmen	Andalusian Archer Boatmen	true
land_units_onscreen_name_cha_mus_andalusian_archer_marines	Andalusian Archer Marines	true
land_units_onscreen_name_cha_mus_artillery_crew	Andalusian Artillery Crew	true
land_units_onscreen_name_cha_mus_andalusian_guard_marines	Andalusian Guard Marines	true
land_units_onscreen_name_cha_mus_andalusian_marines	Andalusian Marines	true
land_units_onscreen_name_att_slav_levy_skirmishers_ERE	Antai Akontistai	true
land_units_onscreen_name_bel_rom_antesignani	Antesignani Not used	true
land_units_onscreen_name_att_ger_royal_anstrutiones	Antrustiones	true
land_units_onscreen_name_att_des_arabic_horsemen	Arabic Horsemen	true
land_units_onscreen_name_cha_byz_archer_boatmen	Archer Boatmen	true
land_units_onscreen_name_cha_cel_archer_boatmen	Archer Boatmen	true
land_units_onscreen_name_bas_archers	Archer Gudalari	true
land_units_onscreen_name_att_ger_germanic_bows	Archer Hansa	true
land_units_onscreen_name_cha_byz_archers	Archers	true
land_units_onscreen_name_cha_fra_archers	Archers	true
land_units_onscreen_name_cha_lom_archers	Archers	true
land_units_onscreen_name_cha_sax_archers	Archers	true
land_units_onscreen_name_cha_fra_levy_archers	Arcuarii	true
land_units_onscreen_name_FRA_arcuarii	Arcuarii	true
land_units_onscreen_name_att_ger_germanic_archers_bur	Arcuarii Electi	true
land_units_onscreen_name_att_ger_gothic_archers	Arcuarii Gardingi	true
land_units_onscreen_name_att_ger_elite_germanic_archers	Arcuarii Regis	true
land_units_onscreen_name_att_rom_ballistarii	Arcuballistarii	true
land_units_onscreen_name_att_cel_celtic_brigands	Ardu	true
land_units_onscreen_name_LOM_arimanni_spears	Arimanni Spears	true
land_units_onscreen_name_att_cel_celtic_band	Ardu Swordsmen	true
land_units_onscreen_name_ERE_limitanei_levy_swords	Arithmos	true
land_units_onscreen_name_nor_town_guard_melee	Armed Folk	true
land_units_onscreen_name_att_est_armenian_slingers	Armenian Slingers	true
land_units_onscreen_name_att_est_persian_skirmishers_ERE	Armenioi Akontistai	true
land_units_onscreen_name_att_rom_armigeri_defensores	Armigeri Defensores	true
land_units_onscreen_name_cha_byz_armoured_archers	Armoured Archers	true
land_units_onscreen_name_cha_vik_armoured_archers	Armoured Archers	true
land_units_onscreen_name_att_des_armoured_camel_warriors	Armoured Camel Warriors	true
land_units_onscreen_name_att_des_es_armoured_himyarite_shotelai	Armoured Himyarite Shotelai	true
land_units_onscreen_name_cha_mus_armoured_marines	Armoured Marines	true
land_units_onscreen_name_att_est_armoured_indian_elephants	Armoured Pil-Asbaran	true
land_units_onscreen_name_cha_fra_armoured_spear	Armoured Spearmen	true
land_units_onscreen_name_att_nom_steppe_cataphracts	Armoured Steppe Lancers	true
land_units_onscreen_name_cha_fra_armoured_sword	Armoured Swordsmen	true
land_units_onscreen_name_cha_gen_artillery_crew	Artillery Crew	true
land_units_onscreen_name_att_cel_round_shield_raiders	Arwrweision	true
land_units_onscreen_name_att_est_savaran_cataphracts	Asbaran	true
land_units_onscreen_name_att_est_zhayedan_immortal_cavalry	Asbaran-e Khorasan	true
land_units_onscreen_name_att_nom_shamans_of_the_eternal_sky	Ashina Wolf Shamans	true
land_units_onscreen_name_att_des_es_ashum	Ashum	true
land_units_onscreen_name_att_cel_celtic_spears	Aulue	true
land_units_onscreen_name_cha_cel_levy_spear	Aulue	true
land_units_onscreen_name_att_cel_pictish_berserkers	Aumue Boai	true
land_units_onscreen_name_att_merc_rom_comitatensis_spears	Auxilia Comitatensis Spears	true
land_units_onscreen_name_att_merc_rom_contarii	Auxilia Contarii	true
land_units_onscreen_name_att_merc_rom_equites_dalmatae	Auxilia Equites Dalmatae	true
land_units_onscreen_name_att_merc_rom_funditores	Auxilia Funditores	true
land_units_onscreen_name_att_merc_rom_legio	Auxilia Legio	true
land_units_onscreen_name_att_merc_rom_onager	Auxilia Onager	true
land_units_onscreen_name_att_merc_rom_palatina	Auxilia Palatina	true
land_units_onscreen_name_att_merc_rom_sagittarii	Auxilia Sagittarii	true
land_units_onscreen_name_bel_rom_exploratores	Auxiliares Legio Limitanei	true
land_units_onscreen_name_bel_rom_praeventores	Auxiliares Pseudocomitatenses	true
land_units_onscreen_name_cha_avar_boatmen	Avar Boatmen	true
land_units_onscreen_name_cha_avar_foot_archers	Avar Foot Archers	true
land_units_onscreen_name_cha_avar_guard	Avar Guard	true
land_units_onscreen_name_cha_avar_guard_boatmen	Avar Guard Boatmen	true
land_units_onscreen_name_cha_avar_heavy_boatmen	Avar Heavy Boatmen	true
land_units_onscreen_name_att_nom_avar_horde	Avar Horde	true
land_units_onscreen_name_cha_avar_horse_archers	Avar Horse Archers	true
land_units_onscreen_name_ERE_avar_horse_archers	Avaroi Hippo Toxotai	true
land_units_onscreen_name_cha_avar_horse_masters	Avar Horse Masters	true
land_units_onscreen_name_cha_avar_lancers	Avar Lancers	true
land_units_onscreen_name_cha_avar_light_boatmen	Avar Light Boatmen	true
land_units_onscreen_name_cha_avar_noble_archers	Avar Noble Archers	true
land_units_onscreen_name_cha_avar_noble_lancers	Avar Noble Lancers	true
land_units_onscreen_name_cha_avar_noble_sword	Avar Noble Swordsmen	true
land_units_onscreen_name_ERE_att_nom_hunnic_lancers	Avaroi	true
land_units_onscreen_name_att_cel_celtic_axe_band	Axe Buiden	true
land_units_onscreen_name_cha_vik_axe_freemen	Axe Freemen	true
land_units_onscreen_name_att_ger_germanic_band	Axe Hansa	true
land_units_onscreen_name_att_ger_axe_heerbann	Axe Heriban	true
land_units_onscreen_name_cha_vik_axe_hirdmen	Axe Hirdmen	true
land_units_onscreen_name_att_nor_viking_raiders	Axe Hlid	true
land_units_onscreen_name_cha_slav_warriors	Axe Woodsmen	true
land_units_onscreen_name_cha_vik_axemen	Axemen	true
land_units_onscreen_name_bel_ost_ballistarii	Ballistarii	true
land_units_onscreen_name_bel_rom_ballistarii	Ballistarii	true
land_units_onscreen_name_att_rom_elite_ballistarii	Ballistarii Seniores	true
land_units_onscreen_name_att_des_es_baltha_defenders	Baltha Defenders	true
land_units_onscreen_name_att_des_es_baltha_warriors	Baltha Warriors	true
land_units_onscreen_name_att_des_es_mavias_chargers	Banu ‘Amilah	true
land_units_onscreen_name_att_des_es_badyia_skirmishers	Banu ‘Amilah Skirmishers	true
land_units_onscreen_name_att_des_es_rebellion_militia	Banu al-Qayn Swordsmen	true
land_units_onscreen_name_att_des_es_mavias_chosen	Banu Ghassan	true
land_units_onscreen_name_att_des_es_dune_lancers	Banu Judham	true
land_units_onscreen_name_GHAS_judham	Banu Judham	true
land_units_onscreen_name_att_des_es_tanukhid_pikes	Banu Judham Spears	true
land_units_onscreen_name_GHAS_banu_judham_spears	Banu Judham Spears	true
land_units_onscreen_name_att_ger_barbed_lancers	Barbed Lancers	true
land_units_onscreen_name_att_cel_onager_bastion	Bastion Onager	true
land_units_onscreen_name_att_des_onager_bastion	Bastion Onager	true
land_units_onscreen_name_att_est_onager_bastion	Bastion Onager	true
land_units_onscreen_name_att_ger_onager_bastion	Bastion Onager	true
land_units_onscreen_name_att_nom_onager_bastion	Bastion Onager	true
land_units_onscreen_name_att_nor_onager_bastion	Bastion Onager	true
land_units_onscreen_name_att_rom_onager_bastion	Bastion Onager	true
land_units_onscreen_name_att_slav_onager_bastion	Bastion Onager	true
land_units_onscreen_name_bel_ost_onager_bastion	Bastion Onager	true
land_units_onscreen_name_bel_rom_onager_bastion	Bastion Onager	true
land_units_onscreen_name_cha_avar_onager_bastion	Bastion Onager	true
land_units_onscreen_name_cha_byz_onager_bastion	Bastion Onager	true
land_units_onscreen_name_cha_cel_onager_bastion	Bastion Onager	true
land_units_onscreen_name_cha_eng_onager_bastion	Bastion Onager	true
land_units_onscreen_name_cha_fra_onager_bastion	Bastion Onager	true
land_units_onscreen_name_cha_gen_onager_bastion	Bastion Onager	true
land_units_onscreen_name_cha_lom_onager_bastion	Bastion Onager	true
land_units_onscreen_name_cha_mus_onager_bastion	Bastion Onager	true
land_units_onscreen_name_cha_sax_onager_bastion	Bastion Onager	true
land_units_onscreen_name_cha_slav_onager_bastion	Bastion Onager	true
land_units_onscreen_name_cha_vik_onager_bastion	Bastion Onager	true
land_units_onscreen_name_att_nom_steppe_warriors	Befulci Axemen	true
land_units_onscreen_name_att_nom_steppe_bows	Befulci Bowmen	true
land_units_onscreen_name_att_nom_steppe_raiders	Befulci Horsemen	true
land_units_onscreen_name_att_nom_hunnic_spears	Befulci Spears	true
land_units_onscreen_name_att_nom_bosphoran_warriors	Befulci Swordsmen	true
land_units_onscreen_name_att_slav_warriors	Befulci Swordsmen	true
land_units_onscreen_name_att_nom_hunnic_warlord	Beg	true
land_units_onscreen_name_cha_gen_guard_cav	Beg	true
land_units_onscreen_name_KOK_cha_gen_guard_cav	Beg	true
land_units_onscreen_name_cha_lom_axemen	Bellatores Gothi	true
land_units_onscreen_name_VISI_bellatores	Bellatores Gothi	true
land_units_onscreen_name_cha_vik_berserkers	Berserkers	true
land_units_onscreen_name_att_nor_norse_berserkers	Berserkir	true
land_units_onscreen_name_att_nor_nordic_axe_warriors	Ber-skjaldaðr	true
land_units_onscreen_name_cha_vik_big_axes	Big Axes	true
land_units_onscreen_name_att_des_es_afar_swordsmen	Blemmyae Swordsmen	true
land_units_onscreen_name_att_ger_gothic_warband	Boga Warriors	true
land_units_onscreen_name_ANG_bogasceotendas	Bogascéotendas	true
land_units_onscreen_name_att_nor_nordic_bows	Bogmenn	true
land_units_onscreen_name_att_nom_bosphoran_infantry	Bosphoran Infantry	true
land_units_onscreen_name_bel_rom_bucellarii	Bucellarii - replaced	true
land_units_onscreen_name_ERE_bucellarii	Bucellarii	true
land_units_onscreen_name_ERE_belisarius_bucellarii	Bucellarii Belisarii	true
land_units_onscreen_name_att_ger_germanic_spearmen_fra	Bucellarii Pedites	true
land_units_onscreen_name_ERE_bucellarii_pedites	Bucellarii Pedites	true
land_units_onscreen_name_att_ger_germanic_hunters	Buganiz	true
land_units_onscreen_name_att_nom_steppe_horse_archers	Bulgaroi Horse Archers	true
land_units_onscreen_name_HUN_bulgar_spears	Bulgaroi Spearmen	true
land_units_onscreen_name_att_nom_hunnic_horsemen	Bulgaroi Tuman	true
land_units_onscreen_name_att_ger_burgundian_axemen	Burgundi Axemen	true
land_units_onscreen_name_att_ger_barbed_javelinmen	Burgundi Spear-Throwers	true
land_units_onscreen_name_att_ger_scavenger_mob	Burgwhatare	true
land_units_onscreen_name_att_nom_hunnic_devil_cavalry	Buruq Tuman	true
land_units_onscreen_name_att_nom_hunnic_devil_archers	Buyruq Horse Archers	true
land_units_onscreen_name_att_nom_elite_hunnic_lancers	Buyruq Lancers	true
land_units_onscreen_name_cha_bre_armorican_knights	Buyruq Lancers	true
land_units_onscreen_name_KOK_cha_bre_armorican_knights	Buyruq Lancers	true
land_units_onscreen_name_att_ger_noble_germanic_horsemen_fra	Caballarii Alamanni	true
land_units_onscreen_name_att_ger_noble_alani_cavalry_fra	Caballarii Alani	true
land_units_onscreen_name_att_ger_burgundian_mounted_axemen	Caballarii Burgundi	true
land_units_onscreen_name_att_ger_frankish_lancers	Caballarii Franci	true
land_units_onscreen_name_att_ger_gardingi_cavalry	Caballarii Gardingi	true
land_units_onscreen_name_cha_lom_raider_cav	Caballarii Iuvenes	true
land_units_onscreen_name_VISI_cab_iuvenes	Caballarii Iuvenes	true
land_units_onscreen_name_att_ger_salian_frankish_lancers	Caballarii Laeti	true
land_units_onscreen_name_cha_lom_horsemen	Caballarii Mediogres -not in use	true
land_units_onscreen_name_VISI_caballarii_mediogres	Caballarii Mediogres	true
land_units_onscreen_name_att_ger_germanic_raiders_fra	Caballarii Pueri	true
land_units_onscreen_name_att_ger_sarmatian_cataphracts_fra	Caballarii Sarmatae	true
land_units_onscreen_name_att_ger_taifali_cavalry	Taifales	true
land_units_onscreen_name_cha_lom_night_raiders	Caballarii Vascones	true
land_units_onscreen_name_VISI_caballarii_vascones	Caballarii Vascones	true
land_units_onscreen_name_ERE_cadisiani_swords	Cadisiani	true
land_units_onscreen_name_att_cel_celtic_spearmen	Cadwayw Warband	true
land_units_onscreen_name_att_cel_black_blades	Caithdaoer Swords	true
land_units_onscreen_name_att_est_camel_clibanarii	Zhon Tornet	true
land_units_onscreen_name_att_des_camel_lancers	Camel Lancers	true
land_units_onscreen_name_att_des_es_afar_camel_riders	Camel Sarawit	true
land_units_onscreen_name_att_des_camel_warriors	Rukban	true
land_units_onscreen_name_att_cel_celtic_warriors	Campwyrau	true
land_units_onscreen_name_att_cel_wolfhound_spearmen	Canes Scotici	true
land_units_onscreen_name_att_ger_captured_cheiroballistra	Captured Cheiroballistra	true
land_units_onscreen_name_att_rom_foederati_spears	Castrensiani	true
land_units_onscreen_name_castrensiani_ERE	Castrensiani	true
land_units_onscreen_name_att_rom_catafractarii	Vexillatio	true
land_units_onscreen_name_cha_cel_royal_horsemen	Catafractarii	true
land_units_onscreen_name_cha_mus_armoured_cav	Catafractarii	true
land_units_onscreen_name_MAUR_catafractarii	Catafractarii	true
land_units_onscreen_name_att_des_es_abunas_guard	Cavalry Sarawit	true
land_units_onscreen_name_att_cel_kerns	Ceithern	true
land_units_onscreen_name_att_cel_ebdani_raiders	Ceithern Coille	true
land_units_onscreen_name_att_mar_cel_celtic_artillery_crew	Celtic Artillery Crew	true
land_units_onscreen_name_att_mar_cel_celtic_artillery_dbl_crew	Celtic Artillery Crew	true
land_units_onscreen_name_att_mar_cel_celtic_berserker_marauders	Celtic Berserker Marauders	true
land_units_onscreen_name_att_mar_cel_celtic_bow_marauders	Celtic Bow Marauders	true
land_units_onscreen_name_att_cel_celtic_crossbows	Celtic Crossbows	true
land_units_onscreen_name_att_mar_cel_celtic_heavy_marauders	Celtic Heavy Marauders	true
land_units_onscreen_name_att_mar_cel_celtic_light_boatmen	Celtic Light Boatmen	true
land_units_onscreen_name_att_mar_cel_celtic_light_marauders	Celtic Light Marauders	true
land_units_onscreen_name_att_mar_cel_celtic_marauders	Celtic Marauders	true
land_units_onscreen_name_att_cel_onager	Celtic Onager	true
land_units_onscreen_name_att_mar_cel_celtic_transport_crew	Celtic Transport Crew	true
land_units_onscreen_name_att_ger_germanic_mounted_warband_fra	Centana	true
land_units_onscreen_name_att_nor_nordic_spearmen	Ceorlas Spears	true
land_units_onscreen_name_att_nor_hearth_guard	Ceorlas Swordsmen	true
land_units_onscreen_name_att_rom_cheiroballistra	Cheiroballistra	true
land_units_onscreen_name_bel_ost_cheiroballista	Cheiroballistra	true
land_units_onscreen_name_bel_rom_cheiroballista	Cheiroballistra	true
land_units_onscreen_name_att_cel_pictish_axemen	Chodaoer Axes	true
land_units_onscreen_name_att_mar_alan_chosen_alanic_boatmen	Chosen Alani Boatmen	true
land_units_onscreen_name_att_mar_alan_chosen_boatmen	Chosen Alani Boatmen	true
land_units_onscreen_name_att_mar_alan_chosen_alani_naval_archers	Chosen Alani Naval Archers	true
land_units_onscreen_name_att_ger_germanic_archers	Chosen Buganiz	true
land_units_onscreen_name_att_alan_tank	Chosen Cataphract Lancers	true
land_units_onscreen_name_att_cel_tanist	Chosen Ceithern	true
land_units_onscreen_name_att_mar_cel_chosen_celtic_marauders	Chosen Celtic Marauders	true
land_units_onscreen_name_att_mar_ger_chosen_germanic_boatmen	Chosen Boatmen	true
land_units_onscreen_name_att_mar_ger_chosen_germanic_naval_archers	Chosen Germanic Naval Archers	true
land_units_onscreen_name_att_alan_alani_mounted_sword_raiders	Chosen Hill Tribe Raiders	true
land_units_onscreen_name_att_mar_nor_chosen_norse_marauders	Chosen Norse Marauders	true
land_units_onscreen_name_att_slav_chosen_shields	Chosen Shields	true
land_units_onscreen_name_att_mar_slav_chosen_germanic_boatmen	Chosen Slavic Boatmen	true
land_units_onscreen_name_att_mar_slav_chosen_germanic_naval_archers	Chosen Slavic Naval Archers	true
land_units_onscreen_name_att_mar_ger_chosen_vandal_marauders	Chosen Vandal Marauders	true
land_units_onscreen_name_att_ger_chosen_vandal_raiders	Chosen Wend Raiders	true
land_units_onscreen_name_REB_circumcelliones	Circumcelliones	true
land_units_onscreen_name_cha_cel_fianna	Cives	true
land_units_onscreen_name_att_est_civilian_farmers	Civilians	true
land_units_onscreen_name_att_est_civilian_townsfolk	Civilians	true
land_units_onscreen_name_att_ger_civilian_farmers	Civilians	true
land_units_onscreen_name_att_ger_civilian_townsfolk	Civilians	true
land_units_onscreen_name_att_nom_civilian_farmers	Civilians	true
land_units_onscreen_name_att_nom_civilian_townsfolk	Civilians	true
land_units_onscreen_name_att_nor_civilian_farmers	Civilians	true
land_units_onscreen_name_att_nor_civilian_townsfolk	Civilians	true
land_units_onscreen_name_att_rom_civilian_farmers	Civilians	true
land_units_onscreen_name_att_rom_civilian_townsfolk	Civilians	true
land_units_onscreen_name_att_cel_gallowglass	Claidbech Warriors	true
land_units_onscreen_name_att_mar_rom_byzantine_marines	Classiarius	true
land_units_onscreen_name_att_mar_rom_byzantine_marines_heavy	Classiarius Gravis	true
land_units_onscreen_name_att_mar_rom_elite_byzantine_heavy_marines	Classiarius Iustiniani	true
land_units_onscreen_name_att_mar_rom_byzantine_light_marines	Classiarius Levis	true
land_units_onscreen_name_att_mar_rom_roman_light_marines	Classiarius Miles	true
land_units_onscreen_name_att_mar_rom_roman_skirmisher_marines	Classiarius Miles Levis	true
land_units_onscreen_name_att_mar_rom_roman_heavy_marines	Classiarius Pedites	true
land_units_onscreen_name_att_mar_rom_byzantine_archer_marines	Classiarius Sagittarii Oriens	true
land_units_onscreen_name_att_rom_clibanarii	Clibanarii	true
land_units_onscreen_name_att_cel_celtic_woodrunners	Cobden	true
land_units_onscreen_name_att_ger_germanic_nobles	Comes	true
land_units_onscreen_name_att_rom_comes	Comes	true
land_units_onscreen_name_bel_ost_comes	Comes	true
land_units_onscreen_name_att_ger_gothic_general	Comes Exercitus	true
land_units_onscreen_name_att_ger_noble_germanic_horsemen	Comitatus	true
land_units_onscreen_name_att_ger_gothic_lancers	Contarii Gothi	true
land_units_onscreen_name_att_cel_celtic_warlord	Cyngran	true
land_units_onscreen_name_att_nor_chieftain_with_gedriht	Cyning	true
land_units_onscreen_name_ERE_numerus_daci	Daci	true
land_units_onscreen_name_att_est_dailamite_warriors	Dailamite Axemen	true
land_units_onscreen_name_att_est_royal_persian_archers	Dailamite Kamandaran	true
land_units_onscreen_name_REB_dediticii	Dediticii	true
land_units_onscreen_name_att_est_persian_cataphracts	Dekhan	true
land_units_onscreen_name_att_mar_des_desert_assault_corsairs	Desert Assault Corsairs	true
land_units_onscreen_name_att_des_desert_bowmen	Desert Bowmen	true
land_units_onscreen_name_att_des_desert_palatina_defectors	Desert Bucellarii	true
land_units_onscreen_name_cha_mus_andalusian_warriors	Desert Bucellarii	true
land_units_onscreen_name_att_mar_des_desert_corsair_bowmen	Desert Corsair Bowmen	true
land_units_onscreen_name_att_mar_des_desert_corsairs	Desert Corsairs	true
land_units_onscreen_name_att_mar_des_desert_heavy_corsairs	Desert Heavy Corsairs	true
land_units_onscreen_name_att_des_desert_hurlers	Desert Hurlers	true
land_units_onscreen_name_att_des_desert_levy	Desert Levy	true
land_units_onscreen_name_att_des_desert_mounted_javelinmen	Desert Mounted Javelinmen	true
land_units_onscreen_name_att_des_desert_mounted_skirmishers	Desert Mounted Skirmishers	true
land_units_onscreen_name_att_des_desert_raiders	Desert Raiders	true
land_units_onscreen_name_att_des_desert_spears	Desert Spears	true
land_units_onscreen_name_att_des_desert_tribesmen	Desert Tribesmen	true
land_units_onscreen_name_att_alan_alani_warriors	Dismounted Alanoi	true
land_units_onscreen_name_att_nom_steppe_shield_archers	Dismounted Bulgaroi Tuman	true
land_units_onscreen_name_att_nom_uar_archers	Dismounted Buyruq Tuman	true
land_units_onscreen_name_att_rom_hetaireia_guards	Dismounted Excubitores	true
land_units_onscreen_name_ERE_dismounted_excubitores_2	Dismounted Excubitores	true
land_units_onscreen_name_byz_dismounted_langobard_lancers	Dismounted Laggobardoi	true
land_units_onscreen_name_bel_ost_domestici	Domestici	true
land_units_onscreen_name_att_nor_nordic_levy	Droengiar Spears	true
land_units_onscreen_name_att_nor_nordic_brigands	Droengiar Spear-Thowers	true
land_units_onscreen_name_att_nor_nordic_brigade	Droengiar Saexes	true
land_units_onscreen_name_att_rom_imperial_dromedarii	Dromedarii	true
land_units_onscreen_name_ANG_duguthe_spears	Duguþe Spears	true
land_units_onscreen_name_att_nor_elite_saxon_javelinmen	Duguþe Spear-Throwers	true
land_units_onscreen_name_att_nor_elite_nordic_warriors	Duguþe Swordsmen	true
land_units_onscreen_name_att_ger_chnodomar's_entourage	Dux	true
land_units_onscreen_name_att_ger_frankish_general	Dux	true
land_units_onscreen_name_att_ger_redoubtable_chieftain	Dux	true
land_units_onscreen_name_GOTH_dux	Dux	true
land_units_onscreen_name_att_rom_palatina_guards	Dux	true
land_units_onscreen_name_cha_cel_kings_fianna	Dux Bellorum	true
land_units_onscreen_name_cha_byz_duxs_guard	Dux's Guard	true
land_units_onscreen_name_att_rom_eastern_armoured_legio	Eastern Armoured Legio	true
land_units_onscreen_name_att_mar_est_eastern_artillery_crew	Eastern Artillery Crew	true
land_units_onscreen_name_att_mar_est_eastern_artillery_dbl_crew	Eastern Artillery Crew	true
land_units_onscreen_name_att_rom_eastern_auxilia_palatina	Eastern Auxilia Palatina	true
land_units_onscreen_name_att_mar_est_eastern_boatmen	Eastern Boatmen	true
land_units_onscreen_name_att_mar_est_eastern_light_boatmen	Eastern Light Boatmen	true
land_units_onscreen_name_att_mar_est_eastern_naval_hurlers	Eastern Naval Hurlers	true
land_units_onscreen_name_att_mar_est_eastern_transport_crew	Eastern Transport Crew	true
land_units_onscreen_name_att_mar_cel_ebdani_heavy_marauders	Ebdani Heavy Marauders	true
land_units_onscreen_name_SAX_edhilingi_spears	Edhilingi Spears	true
land_units_onscreen_name_att_ger_elite_agathyrsi_cavalry	Hindi Cavalry	true
land_units_onscreen_name_att_ger_elite_agathyrsi_warriors	Hindi Swordsmen	true
land_units_onscreen_name_att_alan_elite_sarmatian_cataphracts	Elite Alani Cataphracts	true
land_units_onscreen_name_bel_rom_elite_ballistarii	Elite Ballistarii	true
land_units_onscreen_name_att_mar_cel_elite_celtic_marauders	Elite Celtic Marauders	true
land_units_onscreen_name_att_mar_cel_elite_highland_bowman_marauders	Elite Highland Bowman Marauders	true
land_units_onscreen_name_att_est_elite_immortals	Elite Immortals	true
land_units_onscreen_name_att_mar_nor_elite_norse_marauders	Elite Norse Marauders	true
land_units_onscreen_name_att_mar_ger_elite_ostrogoth_archer_marines	Elite Ostrogoth Archer Marines	true
land_units_onscreen_name_bel_ost_elite_ostrogothic_pikemen	Elite Ostrogothic Pikemen	true
land_units_onscreen_name_att_rom_elite_palatina	Elite Palatina	true
land_units_onscreen_name_bel_ost_elite_sagittarii	Elite Sagittarii	true
land_units_onscreen_name_att_ger_elite_sarmatian_cataphracts	Elite Sarmatian Cataphracts	true
land_units_onscreen_name_att_mar_est_elite_sassanid_archer_marines	Elite Sassanid Archer Marines	true
land_units_onscreen_name_att_mar_est_elite_sassanid_heavy_marines	Elite Sassanid Heavy Marines	true
land_units_onscreen_name_att_mar_est_elite_sassanid_light_marines	Elite Sassanid Light Marines	true
land_units_onscreen_name_att_mar_nor_elite_saxon_marines	Elite Saxon Marines	true
land_units_onscreen_name_att_ger_elite_scattershot_slingers	Elite Scattershot Slingers	true
land_units_onscreen_name_att_mar_ger_elite_vandal_archer_marauders	Elite Vandal Archer Marauders	true
land_units_onscreen_name_att_mar_ger_elite_vandal_marauders	Kursi Marauders	true
land_units_onscreen_name_att_mar_ger_elite_visigoth_crossbow_marines	Elite Visigoth Crossbow Marines	true
land_units_onscreen_name_att_mar_ger_elite_visigoth_marines	Elite Visigoth Marines	true
land_units_onscreen_name_att_mar_rom_elite_western_heavy_marines	Elite Western Heavy Marines	true
land_units_onscreen_name_att_nor_saxon_mounted_warband	Eóred	true
land_units_onscreen_name_cha_cel_horsemen	Equites	true
land_units_onscreen_name_bel_rom_scout_equites	Equites Auxilia Limitanei	true
land_units_onscreen_name_rom_desert_cav	Equites Mauri	true
land_units_onscreen_name_att_ger_light_moorish_cavalry	Equites Numidae Iustiniani	true
land_units_onscreen_name_att_est_persian_mounted_warriors_ERE	Equites Perso-Armenii	true
land_units_onscreen_name_att_est_zhayedan_immortal_cavalry_ERE	Equites Perso-Iustiniani	true
land_units_onscreen_name_att_rom_equites_promoti	Equites Promoti	true
land_units_onscreen_name_bel_rom_equites_promoti	Equites Promoti	true
land_units_onscreen_name_bel_rom_equites_promoti_1	Equites Promoti	true
land_units_onscreen_name_ERE_equites_tertio_dalmatae	Equites Promoti Indigenae	true
land_units_onscreen_name_GHAS_equites_promoti	Equites Promoti Indigenae	true
land_units_onscreen_name_equites_sag_ERE	Equites Sagittarii Indigenae	true
land_units_onscreen_name_att_des_arabic_horsemen_ERE	Equites Saraceni Indigenae	true
land_units_onscreen_name_att_rom_equites_dalmatae	Equites Tertio Dalmatae	true
land_units_onscreen_name_att_ger_germanic_lancers_ERE	Equites Vandali Iustiniani	true
land_units_onscreen_name_att_cel_gazehounds	Erchwys	true
land_units_onscreen_name_bel_rom_foederati_cav	Erouloi Hippeis	true
land_units_onscreen_name_heruli_axemen_ERE	Erouloi Pezoi	true
land_units_onscreen_name_att_rom_excubitores_cavalry_guard	Excubitores	true
land_units_onscreen_name_LOM_exercitales	Exercitales	true
land_units_onscreen_name_att_ger_young_wolves	Fara Swordsmen	true
land_units_onscreen_name_att_cel_celtic_archers	Fíadach	true
land_units_onscreen_name_att_cel_fianna	Fianna	true
land_units_onscreen_name_att_ger_sacra_francisca	Fideles Regis	true
land_units_onscreen_name_att_ger_noble_gothic_lancers	Fidelis Regis	true
land_units_onscreen_name_att_nom_first_wave_lancers	Steppe Lancers	true
land_units_onscreen_name_att_cel_caledonian_axemen	Foederati Angli Axemen	true
land_units_onscreen_name_cha_cel_axemen	Foederati Angli Axemen	true
land_units_onscreen_name_cha_cel_spear	Foederati Angli Spears	true
land_units_onscreen_name_cha_cel_javelinmen	Foederati Scoti	true
land_units_onscreen_name_att_slav_followers_veles	Followers of Veles	true
land_units_onscreen_name_franci_homines	Franci Homines	true
land_units_onscreen_name_franci_homines_bur	Franci Homines	true
land_units_onscreen_name_cha_sax_axe_band	Francisca Heriban	true
land_units_onscreen_name_FRA_francisca_heriban	Francisca Heriban	true
land_units_onscreen_name_att_ger_francisca_heerbann	Francisca Leudes	true
land_units_onscreen_name_cha_sax_axe_warriors	Francisca Pueri	true
land_units_onscreen_name_FRA_francisca_pueri	Francisca Pueri	true
land_units_onscreen_name_cha_fra_artillery_crew	Frankish Artillery Crew	true
land_units_onscreen_name_cha_fra_cav	Frankish Cavalry	true
land_units_onscreen_name_cha_fra_heavy_marines	Frankish Heavy Marines	true
land_units_onscreen_name_cha_fra_horsemen	Frankish Horsemen	true
land_units_onscreen_name_att_mar_ger_frankish_marines	Frankish Marines	true
land_units_onscreen_name_cha_fra_marines	Frankish Marines	true
land_units_onscreen_name_att_ger_frankish_skirmishers	Frankish Skirmishers	true
land_units_onscreen_name_cha_fra_spear	Frankish Spearmen	true
land_units_onscreen_name_att_ger_scattershot_hurlers	Funditores Burgundi	true
land_units_onscreen_name_att_des_es_mounted_marz_archers	Fursan Rumat	true
land_units_onscreen_name_cha_eng_fyrd_archer_boatmen	Fyrd Archer Boatmen	true
land_units_onscreen_name_cha_eng_fyrd_archers	Fyrd Archers	true
land_units_onscreen_name_cha_eng_fyrd_axemen	Fyrd Axemen	true
land_units_onscreen_name_cha_eng_fyrd_boatmen	Fyrd Boatmen	true
land_units_onscreen_name_cha_eng_fyrd_javelinmen	Fyrd Javelinmen	true
land_units_onscreen_name_att_cel_followers_of_morrigan	Gai Aurmahr	true
land_units_onscreen_name_pict_gairmorlom	Gaimorlom	true
land_units_onscreen_name_att_ger_gothic_levy_pict	Gairlorm	true
land_units_onscreen_name_cha_lom_guardsmen	Gardingi Spears - not in use	true
land_units_onscreen_name_VISI_gardingi_spears	Gardingi Spears	true
land_units_onscreen_name_att_ger_thracian_oathsworns	Gardingi Swordsmen	true
land_units_onscreen_name_att_nor_nordic_pikemen	Gárgetrum	true
land_units_onscreen_name_att_ger_godansmen	Gasindii Swordsmen	true
land_units_onscreen_name_att_ger_godan's_warlord	Gastald	true
land_units_onscreen_name_cha_lom_gastald_cav	Gastald Cavalry	true
land_units_onscreen_name_cha_lom_gastald_guardsmen	Gastald Guardsmen	true
land_units_onscreen_name_cha_lom_gastald_knights	Gastald Knights	true
land_units_onscreen_name_cha_lom_gastald_marines	Gastald Marines	true
land_units_onscreen_name_cha_lom_gastald_swordsmen	Gastald Swordsmen	true
land_units_onscreen_name_cha_cel_gazelhounds	Gazehounds	true
land_units_onscreen_name_ANG_geburas_axes	Geburas Axes	true
land_units_onscreen_name_NOR_geburas_spears	Geburas Spears	true
land_units_onscreen_name_cha_sax_spear_band	Geburas Spears	true
land_units_onscreen_name_att_nor_huscarls	Gedrith	true
land_units_onscreen_name_att_nor_nordic_horse_raiders	Gehorsodes	true
land_units_onscreen_name_att_nor_saxon_spears	Geoguþe Spears	true
land_units_onscreen_name_att_nor_geoguth_javelinmen	Geoguþe Spear-Throwers	true
land_units_onscreen_name_att_nor_nordic_band	Geoguþe Swordsmen	true
land_units_onscreen_name_att_nom_scirii_warriors	Gepaides Spearmen	true
land_units_onscreen_name_ERE_gepids	Gepaides Swordsmen	true
land_units_onscreen_name_ERE_papal_guard	Germani Pontificis	true
land_units_onscreen_name_att_mar_ger_germanic_archer_marauders	Germanic Archer Marauders	true
land_units_onscreen_name_att_mar_ger_germanic_artillery_crew	Germanic Artillery Crew	true
land_units_onscreen_name_att_mar_ger_germanic_artillery_dbl_crew	Germanic Artillery Crew	true
land_units_onscreen_name_att_mar_ger_germanic_bow_marauders	Germanic Bow Marauders	true
land_units_onscreen_name_att_mar_ger_germanic_bowman_marauders	Germanic Bowman Marauders	true
land_units_onscreen_name_att_ger_germanic_crossbowmen	Hindi Horse Archers	true
land_units_onscreen_name_att_mar_ger_germanic_light_boatmen	Light Boatmen	true
land_units_onscreen_name_att_mar_ger_germanic_light_marauders	Spear Marauders	true
land_units_onscreen_name_att_mar_ger_germanic_marauders	Marauders	true
land_units_onscreen_name_att_mar_ger_germanic_transport_crew	Germanic Transport Crew	true
land_units_onscreen_name_att_nor_elite_duguth_spearmen	Gesiþas Spears	true
land_units_onscreen_name_att_nor_gesithas	Gesiþas Swordsmen	true
land_units_onscreen_name_GHAS_hippeis	Ghassinidoi Hippeis	true
land_units_onscreen_name_att_des_es_mavias_lancers	Saracenoi Hippeis	true
land_units_onscreen_name_att_est_persian_scouts	Gilani Horsemen	true
land_units_onscreen_name_att_cel_celtic_cavalry_raiders_2	Gillai	true
land_units_onscreen_name_SAX_gisith_spears	Gisith Spearmen	true
land_units_onscreen_name_SAX_gesith_swordsmen	Gisith Swordsmen	true
land_units_onscreen_name_CEL_gaslath_spears	Glasláth Spears	true
land_units_onscreen_name_cha_eng_fyrd_spear	Glasláth Spears	true
land_units_onscreen_name_att_cel_sighthound_spears	Gnut	true
land_units_onscreen_name_att_est_elite_savaran_cavalry	Gokturk Horse Archers	true
land_units_onscreen_name_bel_ost_gothic_horsemen	Gothic Horsemen	true
land_units_onscreen_name_bel_ost_gothic_lancers	Gothic Lancers	true
land_units_onscreen_name_att_mar_ger_gothic_marines	Gothic Marines	true
land_units_onscreen_name_att_ger_gothic_pikemen	Gothic Pikemen	true
land_units_onscreen_name_bel_ost_gothic_pikemen	Gothic Pikemen	true
land_units_onscreen_name_att_alan_grey_hair	Ounnoi	true
land_units_onscreen_name_att_ger_grey_hairs	Ounnoi	true
land_units_onscreen_name_cha_byz_guard_marines	Guard Marines	true
land_units_onscreen_name_cha_gen_guard_marines	Guard Marines	true
land_units_onscreen_name_cha_fra_guardsmen	Guardsmen	true
land_units_onscreen_name_bas_brit_swords	Gudalari Britannikoak	true
land_units_onscreen_name_bas_gothic_refugee_axemen	Gudalari Gotikoak	true
land_units_onscreen_name_bas_swordsmen	Gudalari Swordsmen	true
land_units_onscreen_name_att_est_elite_dailamite_infantry	Gund-e Shahanshah	true
land_units_onscreen_name_att_est_persian_nobles	Gund-Salar	true
land_units_onscreen_name_att_ger_gothic_levy	Guta Spear Hansa	true
land_units_onscreen_name_att_cel_celtic_levy	Gwerin	true
land_units_onscreen_name_att_cel_celtic_nobles	Gwledig	true
land_units_onscreen_name_att_est_gyan_avspar	Gyan-Avspar	true
land_units_onscreen_name_bas_slingers	Haibailla Skirmishers	true
land_units_onscreen_name_att_ger_germanic_brigands	Halskara	true
land_units_onscreen_name_att_est_immortals	Ham-Harzan Royal Bodyguard	true
land_units_onscreen_name_cha_sax_hearth_cav	Hearth Cavalry	true
land_units_onscreen_name_cha_sax_hearth_guard	Hearth Guard	true
land_units_onscreen_name_cha_sax_hearth_marines	Hearth Marines	true
land_units_onscreen_name_att_slav_posion_archers	Heavy Archers	true
land_units_onscreen_name_att_ger_elite_ostrogothic_pikemen	Heavy Axe Marauders	true
land_units_onscreen_name_cha_gen_heavy_marines	Heavy Marines	true
land_units_onscreen_name_att_cel_celtic_bows	Helwyr	true
land_units_onscreen_name_cha_cel_levy_archers	Helwyr	true
land_units_onscreen_name_att_wh_hephthalite_chargers	Spet Xyon Noble Lancers	true
land_units_onscreen_name_att_est_savaran_cavalry	Hephthalite Horse Archers	true
land_units_onscreen_name_REB_heretic_outcasts	Heretic Outcasts	true
land_units_onscreen_name_cha_fra_levy_spear	Heriban Spears	true
land_units_onscreen_name_FRA_heriban_spears	Heriban Spears	true
land_units_onscreen_name_att_ger_burgundian_warhounds	Heriban Swordsmen	true
land_units_onscreen_name_bas_levy_archers	Heuscaldun Archers	true
land_units_onscreen_name_bas_levy_axemen	Heuscaldun Axemen	true
land_units_onscreen_name_bas_spear_cavalry	Heuscaldun Javelin Cavalry	true
land_units_onscreen_name_bas_spear_levy	Heuscaldun Spearmen	true
land_units_onscreen_name_bas_levy_skirmishers	Heuscaldun Spear-Throwers	true
land_units_onscreen_name_bas_levy_swords	Heuscaldun Swordsmen	true
land_units_onscreen_name_att_mar_cel_highland_archer_marauders	Highland Archer Marauders	true
land_units_onscreen_name_att_alan_sarmatian_band	Hill Tribe Axemen	true
land_units_onscreen_name_att_alan_alani_cavalry_warriors	Hill Tribe Horsemen	true
land_units_onscreen_name_att_ger_sarmatian_spears	Hill Tribe Spearmen	true
land_units_onscreen_name_att_alan_alani_swordsmen	Hill Tribe Swordsmen	true
land_units_onscreen_name_att_ger_germanic_levy	Hiltiskalk Spears	true
land_units_onscreen_name_att_des_es_spice_guard	Himyarite Axemen	true
land_units_onscreen_name_AKS_himyarite_horsemen	Himyarite Horsemen	true
land_units_onscreen_name_att_des_es_himyarite_shotelai	Himyarite Shotelai	true
land_units_onscreen_name_att_des_es_spice_warriors	Himyarite Swordsmen	true
land_units_onscreen_name_HEP_hindi_archers	Hindi Archers	true
land_units_onscreen_name_HEP_hindi_cavalry	Hindi Cavalry	true
land_units_onscreen_name_HEP_hindi_horse_archers	Hindi Horse Archers	true
land_units_onscreen_name_HEP_hindi_levy	Hindi Levy	true
land_units_onscreen_name_HEP_hindi_swordsmen	Hindi Swordsmen	true
land_units_onscreen_name_HEP_hindi_warriors	Hindi Warriors	true
land_units_onscreen_name_att_rom_equites_sagittarii	Hippo-Toxotai	true
land_units_onscreen_name_att_nor_royal_huscarls	Hirdmenn Axes	true
land_units_onscreen_name_att_nor_nordic_spear_masters	Hirdmenn Spears	true
land_units_onscreen_name_att_nor_chosen_warriors	Hirdmenn Swords	true
land_units_onscreen_name_att_ger_visigothic_slingers	Hlamma Warriors	true
land_units_onscreen_name_att_slav_horse_butchers	Horse Butchers	true
land_units_onscreen_name_att_slav_horse_cutters	Horse Cutters	true
land_units_onscreen_name_att_ger_horse_stabbers	Horse Hewers 	true
land_units_onscreen_name_att_ger_horse_slayers	Horse Slayers	true
land_units_onscreen_name_cha_eng_horsemen	Horsemen	true
land_units_onscreen_name_cha_vik_housecarls	Housecarls	true
land_units_onscreen_name_cha_byz_levy_spear	Humiliores	true
land_units_onscreen_name_att_nom_hunnic_ambushers	Steppe Horse Archers	true
land_units_onscreen_name_att_nom_hunnic_horse_archers	Steppe Nomads	true
land_units_onscreen_name_cha_slav_archers	Hunters	true
land_units_onscreen_name_BAL_archers	Balti Hunters	true
land_units_onscreen_name_cha_spa_iberian_cav	Iberian Cavalry	true
land_units_onscreen_name_cha_mus_berber_jinetes	Ilguman	true
land_units_onscreen_name_MAUR_ilguman	Ilguman	true
land_units_onscreen_name_att_des_garamantian_hunters	Imazighen Bows	true
land_units_onscreen_name_GARAM_amazigh_swords	Imazighen Swords	true
land_units_onscreen_name_att_des_tuareg_camel_spearmen	Imohag Camel Spearmen	true
land_units_onscreen_name_bel_rom_imperial_dromedarii	Imperial Dromedarii	true
land_units_onscreen_name_att_ger_onager	Instrumenta Belli	true
land_units_onscreen_name_REB_isaurians	Isauroi	true
land_units_onscreen_name_bel_ost_iuvenes	Iuvenes	true
land_units_onscreen_name_cha_byz_iuvenes	Iuvenes	true
land_units_onscreen_name_cha_lom_skirm	Iuvenes Spear-Throwers -not in use	true
land_units_onscreen_name_VISI_iuvenes_javelinmen	Iuvenes Spear-Throwers	true
land_units_onscreen_name_att_des_es_jamal_al_baltha	Jamal al-Baltha	true
land_units_onscreen_name_att_des_es_jamal_al_rumha	Jamal al-Rumha	true
land_units_onscreen_name_att_nor_viking_captain	Jarl	true
land_units_onscreen_name_bas_att_ger_suebi_warriors	Jaun	true
land_units_onscreen_name_cha_cel_javelin_boatmen	Javelin Boatmen	true
land_units_onscreen_name_att_rom_exculcatores	Javelin Gudalari	true
land_units_onscreen_name_bel_ost_javelinmen	Javelinmen	true
land_units_onscreen_name_cha_sax_javelinmen	Javelinmen	true
land_units_onscreen_name_cha_spa_jinetes	Jinetes	true
land_units_onscreen_name_cha_mus_slingers	Jjbbad Skirmishers	true
land_units_onscreen_name_MAUR_slingers	Jjbbad Skirmishers	true
land_units_onscreen_name_GARAM_slingers	Jjbbad Skirmishers	true
land_units_onscreen_name_SAX_juguth_bows	Juguth Bows	true
land_units_onscreen_name_att_nor_heroic_cavalry	Juguth Cavalry	true
land_units_onscreen_name_SAX_juguth_spearmen	Juguth Spearmen	true
land_units_onscreen_name_att_est_persian_bowmen	Kamandaran-e Gund	true
land_units_onscreen_name_att_est_kurdish_archers	Kamandaran-e Kurdan	true
land_units_onscreen_name_att_est_persian_bows	Kamandaran-e Raman	true
land_units_onscreen_name_att_nor_nordic_axe_warband	Karlar Axemen	true
land_units_onscreen_name_att_nor_thrall_spearmen	Karlar Spears	true
land_units_onscreen_name_att_nor_nordic_javelinmen	Karlar Spear-Throwers	true
land_units_onscreen_name_att_nor_hirdmen	Karlar Swords	true
land_units_onscreen_name_cha_cel_kerns	Kerns	true
land_units_onscreen_name_att_des_es_khahyahlim	Khahyahlim	true
land_units_onscreen_name_kok_khazars	Khazar Horse Archers	true
land_units_onscreen_name_att_wh_kindred_of_the_sun	Steppe Khan	true
land_units_onscreen_name_att_des_es_kings_radif	Spahbod	true
land_units_onscreen_name_cha_cel_kings_warband	King's Warband	true
land_units_onscreen_name_cha_gen_knights	Knights	true
land_units_onscreen_name_cha_gen_spear	Kök Türük Spearmen	true
land_units_onscreen_name_KOK_cha_gen_spear	Kök Türük Spearmen	true
land_units_onscreen_name_cha_gen_armoured_sword	Kök Türük Swordsmen	true
land_units_onscreen_name_KOK_cha_gen_armoured_sword	Kök Türük Swordsmen	true
land_units_onscreen_name_bel_rom_hippo_toxotai	Koursores	true
land_units_onscreen_name_bel_rom_hippo_toxotai_1	Koursores	true
land_units_onscreen_name_att_nom_steppe_mounted_tribespeople	Koutrigouroi	true
land_units_onscreen_name_HEP_kushan_cataphracts	Kushan Cataphracts	true
land_units_onscreen_name_att_des_kushite_shotelai	Kushite Shotelai	true
land_units_onscreen_name_att_ger_barbed_skirmishers	Laeti Angon-Throwers	true
land_units_onscreen_name_att_des_lancers_of_the_oasis	Laggobardoi Hippeis	true
land_units_onscreen_name_ERE_langobard_lancers	Laggobardoi Hippeis	true
land_units_onscreen_name_att_est_lakhmid_scouts	Tali’ah	true
land_units_onscreen_name_att_rom_comitatensis_spears	Lanciarii	true
land_units_onscreen_name_bel_rom_bucellarii_guard_axemen	Lanciarii Praesentales -replaced	true
land_units_onscreen_name_ERE_lanciarii_praesentales	Lanciarii Praesentales	true
land_units_onscreen_name_fra_saxon_spears	Lanciarii Saxones	true
land_units_onscreen_name_att_rom_lanciarii_seniores	Lanciarii Seniores - not used	true
land_units_onscreen_name_lanciarii_sen_ERE	Lanciarii Seniores	true
land_units_onscreen_name_LOM_lancers	Langobardi Lancers	true
land_units_onscreen_name_att_ger_langobard_clubmen	Langobard Clubmen	true
land_units_onscreen_name_att_est_onager_large	Large Onager	true
land_units_onscreen_name_att_ger_onager_large	Large Onager	true
land_units_onscreen_name_att_nom_onager_large	Large Onager	true
land_units_onscreen_name_att_nor_onager_large	Large Onager	true
land_units_onscreen_name_att_rom_onager_large	Large Onager	true
land_units_onscreen_name_bel_ost_large_onager	Large Onager	true
land_units_onscreen_name_bel_rom_large_onager	Large Onager	true
land_units_onscreen_name_cha_byz_large_onager	Large Onager	true
land_units_onscreen_name_cha_fra_large_onager	Large Onager	true
land_units_onscreen_name_cha_gen_large_onager	Large Onager	true
land_units_onscreen_name_cha_lom_large_onager	Large Onager	true
land_units_onscreen_name_cha_mus_large_onager	Large Onager	true
land_units_onscreen_name_cha_slav_large_shields	Large Shields	true
land_units_onscreen_name_att_rom_legio	Legio Britones	true
land_units_onscreen_name_bel_rom_clibanarii	Leones Clibanarii - replaced	true
land_units_onscreen_name_ERE_leones_clib	Leones Clibanarii	true
land_units_onscreen_name_att_ger_elite_sword_heerbann	Leudes Swordsmen	true
land_units_onscreen_name_cha_avar_levy_archers	Levy Archers	true
land_units_onscreen_name_cha_lom_levy_archers	Levy Archers	true
land_units_onscreen_name_cha_sax_levy_archers	Levy Archers	true
land_units_onscreen_name_att_ger_germanic_band_1	Levy Axemen	true
land_units_onscreen_name_cha_lom_levy_axemen	Levy Axemen	true
land_units_onscreen_name_cha_vik_levy_freemen	Levy Freemen	true
land_units_onscreen_name_cha_sax_levy_javelinmen	Levy Javelinmen	true
land_units_onscreen_name_cha_byz_levy_marines	Levy Marines	true
land_units_onscreen_name_att_est_persian_skirmishers	Levy Skirmishers	true
land_units_onscreen_name_cha_lom_levy_skirm	Levy Skirmishers	true
land_units_onscreen_name_cha_avar_levy_spear	Levy Spearmen	true
land_units_onscreen_name_cha_gen_levy_spear	Levy Spearmen	true
land_units_onscreen_name_cha_lom_levy_spear	Levy Spearmen	true
land_units_onscreen_name_cha_fra_light_boatmen	Light Boatmen	true
land_units_onscreen_name_cha_gen_light_boatmen	Light Boatmen	true
land_units_onscreen_name_cha_byz_light_cav	Light Cavalry	true
land_units_onscreen_name_att_rom_limitanei_borderguards	Limitanei	true
land_units_onscreen_name_bel_rom_limitanei	Limitanei - not used	true
land_units_onscreen_name_cha_mus_berber_horsemen	Limitanei Deserter Horsemen	true
land_units_onscreen_name_GARAM_limitanei_horsemen	Limitanei Deserter Horsemen	true
land_units_onscreen_name_GHAS_limitanei	Limitanei Ghassanidi	true
land_units_onscreen_name_att_des_desert_legionary_defectors	Limitanei Mutineers	true
land_units_onscreen_name_cha_mus_berber_spearmen	Limitanei Mutineers	true
land_units_onscreen_name_MAUR_limitanei_spears	Limitanei Mutineers	true
land_units_onscreen_name_cha_lom_artillery_crew	Lombard Artillery Crew	true
land_units_onscreen_name_cha_lom_clubmen	Lombard Clubmen	true
land_units_onscreen_name_cha_lom_heavy_marines	Lombard Heavy Marines	true
land_units_onscreen_name_cha_lom_lancers	Lombard Lancers	true
land_units_onscreen_name_cha_lom_levy	Lombard Levy	true
land_units_onscreen_name_cha_lom_light_boatmen	Lombard Light Boatmen	true
land_units_onscreen_name_cha_lom_marines	Lombard Marines	true
land_units_onscreen_name_att_cel_pictish_swordsmen	Ludodaoer Swords	true
land_units_onscreen_name_ERE_lykokranitai_spears	Lykokranitai	true
land_units_onscreen_name_bel_rom_bucellarii_guard_cavalry	Magister Militum -not used	true
land_units_onscreen_name_att_rom_magister_militum	Magister Militum Praesentalis	true
land_units_onscreen_name_REB_manicheans	Manicheans	true
land_units_onscreen_name_att_cel_mounted_spear_raiders	Marca	true
land_units_onscreen_name_att_rom_contarii	Marca Contwn	true
land_units_onscreen_name_att_cel_ebdani_cavalry_raiders	Marcadacht	true
land_units_onscreen_name_att_cel_celtic_cavalry_raiders	Marchogluoedd	true
land_units_onscreen_name_att_cel_celtic_nobles_2	Marchomawr	true
land_units_onscreen_name_att_cel_chosen_raiders	Marcsluag	true
land_units_onscreen_name_cha_gen_marines	Marines	true
land_units_onscreen_name_att_est_savaran_sardar	Marzban	true
land_units_onscreen_name_att_rom_matiarii	Matiarii	true
land_units_onscreen_name_att_est_kurdish_javelinmen	Median Javelinmen	true
land_units_onscreen_name_att_est_persian_hurlers	Median Slingers	true
land_units_onscreen_name_att_ger_gothic_palatina_defectors	Mediogres	true
land_units_onscreen_name_att_rom_menaulatoi	Bucellarii Belisarii	true
land_units_onscreen_name_att_merc_ger_agathyrsi_warriors	Mercenary Agathyrsi Warriors	true
land_units_onscreen_name_att_merc_ger_alani_horsemen	Mercenary Alani Horsemen	true
land_units_onscreen_name_cha_merc_mus_andalusian_archer_boatmen	Mercenary Andalusian Archer Boatmen	true
land_units_onscreen_name_cha_merc_mus_andalusian_cav	Mercenary Andalusian Cavalry	true
land_units_onscreen_name_cha_merc_mus_andalusian_infantry	Mercenary Andalusian Infantry	true
land_units_onscreen_name_cha_merc_mus_andalusian_marines	Mercenary Andalusian Marines	true
land_units_onscreen_name_cha_merc_mus_andalusian_skirm	Mercenary Andalusian Skirmishers	true
land_units_onscreen_name_cha_merc_gen_archers	Mercenary Archers	true
land_units_onscreen_name_att_merc_cel_celtic_brigands	Mercenary Ardu	true
land_units_onscreen_name_att_merc_est_armenian_slingers	Mercenary Armenian Slingers	true
land_units_onscreen_name_att_merc_est_armenian_spears	Mercenary Armenian Spears	true
land_units_onscreen_name_cha_merc_bre_armorican_cav	Mercenary Armorican Cavalry	true
land_units_onscreen_name_cha_merc_gen_armoured_spear	Mercenary Armoured Spearmen	true
land_units_onscreen_name_cha_merc_gen_armoured_sword	Mercenary Armoured Swordsmen	true
land_units_onscreen_name_cha_merc_avar_boatmen	Mercenary Avar Boatmen	true
land_units_onscreen_name_cha_merc_avar_horse_archers	Mercenary Avar Horse Archers	true
land_units_onscreen_name_cha_merc_avar_lancers	Mercenary Avar Lancers	true
land_units_onscreen_name_cha_merc_avar_light_boatmen	Mercenary Avar Light Boatmen	true
land_units_onscreen_name_cha_merc_vik_axe_freemen	Mercenary Axe Freemen	true
land_units_onscreen_name_att_merc_ger_axe_heerbann	Mercenary Axe Heerbann	true
land_units_onscreen_name_att_merc_rom_ballistarii	Mercenary Laggobardoi	true
land_units_onscreen_name_att_merc_nom_bosphoran_warriors	Mercenary Befulci Swords	true
land_units_onscreen_name_cha_merc_mus_berber_levy	Mercenary Berber Levy	true
land_units_onscreen_name_cha_merc_mus_berber_raiders	Mercenary Berber Raiders	true
land_units_onscreen_name_cha_merc_mus_berber_spearmen	Mercenary Berber Spearmen	true
land_units_onscreen_name_att_merc_ger_vandal_raiders	Mercenary Ber-skjaldaðr	true
land_units_onscreen_name_cha_merc_vik_big_axes	Mercenary Big Axes	true
land_units_onscreen_name_cha_merc_byz_archer_boatmen	Mercenary Byzantine Archer Boatmen	true
land_units_onscreen_name_cha_merc_byz_archers	Mercenary Byzantine Archers	true
land_units_onscreen_name_cha_merc_byz_light_cav	Mercenary Byzantine Cavalry	true
land_units_onscreen_name_cha_merc_byz_levy_marines	Mercenary Byzantine Marines	true
land_units_onscreen_name_att_merc_des_camel_warriors	Mercenary Camel Warriors	true
land_units_onscreen_name_cha_merc_cel_archer_boatmen	Mercenary Celtic Archer Boatmen	true
land_units_onscreen_name_att_merc_cel_celtic_archers	Mercenary Celtic Archers	true
land_units_onscreen_name_att_merc_cel_celtic_axe_band	Mercenary Celtic Axe Band	true
land_units_onscreen_name_att_merc_cel_celtic_band	Mercenary Celtic Band	true
land_units_onscreen_name_att_merc_mar_cel_celtic_berserker_marauders	Mercenary Celtic Berserker Marauders	true
land_units_onscreen_name_att_merc_cel_celtic_berserkers	Mercenary Celtic Berserkers	true
land_units_onscreen_name_att_merc_mar_cel_celtic_bow_marauders	Mercenary Celtic Bow Marauders	true
land_units_onscreen_name_att_merc_cel_celtic_cavalry_raiders	Mercenary Celtic Cavalry Raiders	true
land_units_onscreen_name_att_merc_mar_cel_celtic_heavy_marauders	Mercenary Celtic Heavy Marauders	true
land_units_onscreen_name_cha_merc_cel_horsemen	Mercenary Celtic Horsemen	true
land_units_onscreen_name_att_merc_mar_cel_celtic_light_marauders	Mercenary Celtic Light Marauders	true
land_units_onscreen_name_att_merc_mar_cel_celtic_marauders	Mercenary Celtic Marauders	true
land_units_onscreen_name_att_merc_cel_onager	Mercenary Celtic Onager	true
land_units_onscreen_name_cha_merc_cel_spear_boatmen	Mercenary Celtic Spear Boatmen	true
land_units_onscreen_name_att_merc_cel_celtic_spears	Mercenary Celtic Spears	true
land_units_onscreen_name_att_merc_cel_celtic_warband	Mercenary Celtic Warband	true
land_units_onscreen_name_att_merc_est_dailamite_warriors	Mercenary Dailamite Warriors	true
land_units_onscreen_name_att_merc_des_desert_bowmen	Mercenary Desert Bowmen	true
land_units_onscreen_name_att_merc_mar_des_desert_corsairs	Mercenary Desert Corsairs	true
land_units_onscreen_name_att_merc_mar_des_desert_heavy_corsairs	Mercenary Desert Heavy Corsairs	true
land_units_onscreen_name_att_merc_des_desert_hurlers	Mercenary Desert Hurlers	true
land_units_onscreen_name_att_merc_des_desert_raiders	Mercenary Desert Raiders	true
land_units_onscreen_name_att_merc_des_desert_spears	Mercenary Desert Spears	true
land_units_onscreen_name_att_merc_mar_est_eastern_artillery_crew	Mercenary Eastern Artillery Crew	true
land_units_onscreen_name_att_merc_mar_est_eastern_light_boatmen	Mercenary Eastern Light Boatmen	true
land_units_onscreen_name_att_merc_mar_est_eastern_naval_hurlers	Mercenary Eastern Naval Hurlers	true
land_units_onscreen_name_att_merc_nor_saxon_lancers	Mercenary Edhilingi	true
land_units_onscreen_name_cha_merc_eng_horsemen	Mercenary English Horsemen	true
land_units_onscreen_name_cha_merc_cel_fianna	Mercenary Fianna	true
land_units_onscreen_name_cha_merc_fra_archers	Mercenary Frankish Archers	true
land_units_onscreen_name_cha_merc_fra_armoured_sword	Mercenary Frankish Armoured Swordsmen	true
land_units_onscreen_name_cha_merc_fra_horsemen	Mercenary Frankish Horsemen	true
land_units_onscreen_name_att_merc_ger_frankish_lancers	Mercenary Frankish Lancers	true
land_units_onscreen_name_cha_merc_fra_light_boatmen	Mercenary Frankish Light Boatmen	true
land_units_onscreen_name_cha_merc_fra_marines	Mercenary Frankish Marines	true
land_units_onscreen_name_cha_merc_fra_spear	Mercenary Frankish Spearmen	true
land_units_onscreen_name_att_merc_mar_ger_vandal_bow_marauders	Mercenary Frisian Bow Marauders	true
land_units_onscreen_name_att_merc_mar_ger_vandal_light_boatmen	Mercenary Frisian Light Boatmen	true
land_units_onscreen_name_att_merc_mar_ger_vandal_light_marauders	Mercenary Frisian Marauders	true
land_units_onscreen_name_cha_merc_eng_fyrd_archer_boatmen	Mercenary Fyrd Archer Boatmen	true
land_units_onscreen_name_cha_merc_eng_fyrd_archers	Mercenary Fyrd Archers	true
land_units_onscreen_name_cha_merc_eng_fyrd_boatmen	Mercenary Fyrd Boatmen	true
land_units_onscreen_name_cha_merc_eng_fyrd_spear	Mercenary Fyrd Spearmen	true
land_units_onscreen_name_att_merc_des_garamantian_lancers	Mercenary Garamantian Lancers	true
land_units_onscreen_name_att_merc_cel_gazehounds	Mercenary Gazehounds	true
land_units_onscreen_name_att_merc_mar_ger_germanic_artillery_crew	Mercenary Germanic Artillery Crew	true
land_units_onscreen_name_att_merc_mar_ger_germanic_bow_marauders	Mercenary Germanic Bow Marauders	true
land_units_onscreen_name_att_merc_ger_germanic_hurlers	Mercenary Germanic Hurlers	true
land_units_onscreen_name_att_merc_mar_ger_germanic_light_boatmen	Enslaved Rowers	true
land_units_onscreen_name_att_merc_mar_ger_germanic_light_marauders	Mercenary Germanic Light Marauders	true
land_units_onscreen_name_att_merc_ger_germanic_mounted_brigands	Mercenary Germanic Mounted Brigands	true
land_units_onscreen_name_att_merc_ger_germanic_mounted_warband	Mercenary Germanic Mounted Warband	true
land_units_onscreen_name_att_merc_ger_germanic_warband	Mercenary Germanic Warband	true
land_units_onscreen_name_att_merc_cel_celtic_levy	Mercenary Gwerin	true
land_units_onscreen_name_att_merc_nom_hunnic_horse_archers	Mercenary Hunnic Horse Archers	true
land_units_onscreen_name_att_merc_nom_hunnic_mounted_warband	Mercenary Hunnic Mounted Warband	true
land_units_onscreen_name_cha_merc_spa_iberian_cav	Mercenary Iberian Cavalry	true
land_units_onscreen_name_att_merc_ger_onager	Mercenary Instrumenta Belli	true
land_units_onscreen_name_cha_merc_cel_javelin_boatmen	Mercenary Irish Javelin Boatmen	true
land_units_onscreen_name_cha_merc_cel_kerns	Mercenary Kerns	true
land_units_onscreen_name_att_merc_est_kurdish_archers	Mercenary Kurdish Archers	true
land_units_onscreen_name_att_merc_est_kurdish_javelinmen	Mercenary Kurdish Javelinmen	true
land_units_onscreen_name_att_merc_est_lakhmid_scouts	Mercenary Lakhmid Scouts	true
land_units_onscreen_name_att_merc_est_persian_skirmishers	Mercenary Levy Skirmishers	true
land_units_onscreen_name_cha_merc_gen_light_boatmen	Mercenary Light Boatmen	true
land_units_onscreen_name_att_merc_ger_light_moorish_cavalry	Mercenary Light Moorish Cavalry	true
land_units_onscreen_name_att_merc_des_desert_legionary_defectors	Mercenary Limitanei Mutineers	true
land_units_onscreen_name_cha_merc_lom_archers	Mercenary Lombard Archers	true
land_units_onscreen_name_cha_merc_lom_clubmen	Mercenary Lombard Clubmen	true
land_units_onscreen_name_cha_merc_lom_horsemen	Mercenary Lombard Horsemen	true
land_units_onscreen_name_cha_merc_lom_light_boatmen	Mercenary Lombard Light Boatmen	true
land_units_onscreen_name_cha_merc_lom_marines	Mercenary Lombard Marines	true
land_units_onscreen_name_cha_merc_lom_raider_cav	Mercenary Lombard Raider Cavalry	true
land_units_onscreen_name_cha_merc_lom_spear	Mercenary Lombard Spearmen	true
land_units_onscreen_name_att_merc_cel_mounted_spear_raiders	Mercenary Marca	true
land_units_onscreen_name_cha_merc_gen_marines	Mercenary Marines	true
land_units_onscreen_name_att_merc_ger_germanic_hunters	Mercenary Massed Bowmen	true
land_units_onscreen_name_att_merc_nor_nordic_mounted_raiders	Mercenary Mounted Droengiar	true
land_units_onscreen_name_att_merc_mar_nor_nordic_artillery_crew	Mercenary Nordic Artillery Crew	true
land_units_onscreen_name_att_merc_nor_nordic_axe_warband	Mercenary Nordic Axe Warband	true
land_units_onscreen_name_att_merc_nor_nordic_brigade	Mercenary Nordic Brigade	true
land_units_onscreen_name_att_merc_mar_nor_nordic_light_marauders	Mercenary Nordic Light Marauders	true
land_units_onscreen_name_att_merc_nor_nordic_skirmishers	Mercenary Nordic Skirmishers	true
land_units_onscreen_name_att_merc_mar_nor_norse_bow_marauders	Mercenary Norse Bow Marauders	true
land_units_onscreen_name_att_merc_des_onager	Mercenary Onager	true
land_units_onscreen_name_att_merc_est_onager	Mercenary Onager	true
land_units_onscreen_name_att_merc_nom_onager	Mercenary Onager	true
land_units_onscreen_name_att_merc_nor_onager	Mercenary Onager	true
land_units_onscreen_name_att_merc_est_persian_brigade	Mercenary Persian Brigade	true
land_units_onscreen_name_att_merc_est_persian_hurlers	Mercenary Persian Hurlers	true
land_units_onscreen_name_att_merc_est_persian_mounted_bowmen	Mercenary Persian Mounted Bowmen	true
land_units_onscreen_name_att_merc_est_persian_mounted_warriors	Mercenary Persian Mounted Warriors	true
land_units_onscreen_name_att_merc_est_persian_scouts	Mercenary Persian Scouts	true
land_units_onscreen_name_cha_merc_cel_pictish_crossbowmen	Mercenary Pictish Crossbowmen	true
land_units_onscreen_name_att_merc_ger_gothic_pikemen	Mercenary Pikemen	true
land_units_onscreen_name_cha_merc_cel_sword_band	Mercenary Pitcish Sword Band	true
land_units_onscreen_name_att_merc_cel_celtic_skirmishers	Mercenary Rhyfelwyr Spear-Throwers	true
land_units_onscreen_name_att_merc_mar_rom_roman_artillery_crew	Mercenary Roman Artillery Crew	true
land_units_onscreen_name_att_merc_mar_rom_roman_light_marines	Mercenary Roman Light Marines	true
land_units_onscreen_name_att_merc_mar_rom_roman_skirmisher_marines	Mercenary Roman Skirmisher Marines	true
land_units_onscreen_name_att_merc_des_elite_nubian_archers	Mercenary Rumat	true
land_units_onscreen_name_att_merc_ger_sarmatian_cataphracts	Mercenary Sarmatian Cataphracts	true
land_units_onscreen_name_att_merc_est_savaran_cataphracts	Mercenary Savaran Cataphracts	true
land_units_onscreen_name_att_merc_est_savaran_cavalry	Mercenary Savaran Cavalry	true
land_units_onscreen_name_cha_merc_sax_boatmen	Mercenary Saxon Boatmen	true
land_units_onscreen_name_att_merc_mar_nor_saxon_bow_marauders	Mercenary Saxon Bow Marauders	true
land_units_onscreen_name_cha_merc_sax_javelinmen	Mercenary Saxon Javelinmen	true
land_units_onscreen_name_cha_merc_sax_light_raiders	Mercenary Saxon Light Raiders	true
land_units_onscreen_name_cha_merc_sax_raiders	Mercenary Saxon Raiders	true
land_units_onscreen_name_cha_merc_sax_spear_band	Mercenary Saxon Spear Band	true
land_units_onscreen_name_att_merc_nor_saxon_spears	Mercenary Saxon Spears	true
land_units_onscreen_name_cha_merc_sax_scout_cav	Mercenary Scout Cavalry	true
land_units_onscreen_name_cha_merc_sax_seax_warriors	Mercenary Seax Warriors	true
land_units_onscreen_name_cha_merc_gen_skirm_cav	Mercenary Skirmisher Cavalry	true
land_units_onscreen_name_cha_merc_gen_skirm	Mercenary Skirmishers	true
land_units_onscreen_name_cha_merc_byz_skutatoi	Mercenary Skutatoi	true
land_units_onscreen_name_cha_merc_byz_skutatoi_marines	Mercenary Skutatoi Marines	true
land_units_onscreen_name_cha_merc_slav_boatmen	Mercenary Slav Boatmen	true
land_units_onscreen_name_cha_merc_slav_light_boatmen	Mercenary Slav Light Boatmen	true
land_units_onscreen_name_cha_merc_slav_raiders	Mercenary Slav Raiders	true
land_units_onscreen_name_cha_merc_slav_tribesmen	Mercenary Slav Tribesmen	true
land_units_onscreen_name_cha_merc_slav_ambushers	Mercenary Slavic Ambushers	true
land_units_onscreen_name_cha_merc_slav_archers	Mercenary Slavic Archers	true
land_units_onscreen_name_cha_merc_spa_ambushers	Mercenary Spanish Ambushers	true
land_units_onscreen_name_cha_merc_spa_raider_cav	Mercenary Spanish Raider Cavalry	true
land_units_onscreen_name_att_merc_ger_germanic_pikes	Mercenary Spear Band	true
land_units_onscreen_name_cha_merc_gen_spear	Mercenary Spearmen	true
land_units_onscreen_name_att_merc_nom_steppe_lancers	Mercenary Ounnoi	true
land_units_onscreen_name_att_merc_nom_steppe_mounted_bows	Mercenary Steppe Mounted Bows	true
land_units_onscreen_name_att_merc_nom_steppe_raiders	Mercenary Steppe Raiders	true
land_units_onscreen_name_att_merc_ger_gothic_falxmen	Mercenary Sword Hansa	true
land_units_onscreen_name_cha_merc_vik_sword_hirdmen	Mercenary Sword Hirdmen	true
land_units_onscreen_name_cha_merc_eng_thegns	Mercenary Thegns	true
land_units_onscreen_name_att_merc_ger_thracian_warriors	Mercenary Gepaides	true
land_units_onscreen_name_att_merc_nor_thrall_skirmishers	Mercenary Thrall Skirmishers	true
land_units_onscreen_name_att_merc_des_tuareg_camel_spearmen	Mercenary Tuareg Camel Spearmen	true
land_units_onscreen_name_att_merc_nor_wolf_coats	Mercenary Úlfhéðnar	true
land_units_onscreen_name_att_merc_mar_ger_vandal_artillery_crew	Mercenary Vandal Artillery Crew	true
land_units_onscreen_name_cha_merc_vik_archers	Mercenary Viking Archers	true
land_units_onscreen_name_cha_merc_vik_raiders	Mercenary Viking Raiders	true
land_units_onscreen_name_cha_merc_vik_ship_archers	Mercenary Viking Ship Archers	true
land_units_onscreen_name_cha_merc_vik_smashers	Mercenary Viking Smashers	true
land_units_onscreen_name_cha_merc_cel_welsh_archers	Mercenary Welsh Archers	true
land_units_onscreen_name_cha_merc_cel_armoured_spear	Mercenary Welsh Armoured Spearmen	true
land_units_onscreen_name_att_des_es_behers_chosen	Meshenitai	true
land_units_onscreen_name_att_des_kushite_mounted_shotelai	Meshenitai Horsemen	true
land_units_onscreen_name_bel_ost_milites	Milites	true
land_units_onscreen_name_att_ger_sword_heerbann_bur	Milites Burgundi	true
land_units_onscreen_name_bel_ost_milites_comitatenses	Milites Comitatenses	true
land_units_onscreen_name_att_ger_sword_heerbann	Milites Franci	true
land_units_onscreen_name_att_ger_thracian_warriors	Milites Gothi	true
land_units_onscreen_name_att_rom_legio_comitatenses	Milites Pedites	true
land_units_onscreen_name_fra_milites_romani	Milites Romani	true
land_units_onscreen_name_att_cel_horse_whisperers	Milwyr	true
land_units_onscreen_name_REB_monophysitai	Monophysitai	true
land_units_onscreen_name_bel_van_moorish_levy	Moorish Levy	true
land_units_onscreen_name_cha_fra_mounted_archers	Mounted Archers	true
land_units_onscreen_name_att_ger_germanic_mounted_brigands	Mounted Brigands	true
land_units_onscreen_name_att_nor_nordic_mounted_raiders	Mounted Droengiar	true
land_units_onscreen_name_att_nor_saxon_lancers	Mounted Edhilingi	true
land_units_onscreen_name_att_ger_germanic_raiders	Mounted Halskara	true
land_units_onscreen_name_att_ger_germanic_mounted_warband	Mounted Hansa	true
land_units_onscreen_name_att_alan_alani_cavalry_raiders	Mounted Hill Tribe Raiders	true
land_units_onscreen_name_att_ger_sarmatian_mounted_skirmishers	Mounted Hill Tribe Raiders	true
land_units_onscreen_name_att_nor_viking_raider_cavalry	Mounted Hirdmenn	true
land_units_onscreen_name_cha_fra_mounted_spear	Mounted Spearmen	true
land_units_onscreen_name_cha_fra_mounted_swordsmen	Mounted Swordsmen	true
land_units_onscreen_name_att_des_es_athars_chosen	Mubarizun	true
land_units_onscreen_name_GHAS_mubarizun	Mubarizun	true
land_units_onscreen_name_pict_myrchan	Myrchan	true
land_units_onscreen_name_att_est_naft_throwers	Naft Throwers	true
land_units_onscreen_name_att_des_es_ras_guard	Nagast	true
land_units_onscreen_name_att_des_es_masqal_spearmen	Negusa Nagast Bodyguard	true
land_units_onscreen_name_att_est_armenian_spears	Neyze-Daran	true
land_units_onscreen_name_att_ger_germanic_night_raiders	Night Raiders	true
land_units_onscreen_name_att_des_es_marz_archers	Nobatae Archers	true
land_units_onscreen_name_att_des_es_afar_raidmasters	Nobatae Swordsmen	true
land_units_onscreen_name_att_ger_noble_alani_cavalry	Noble Alanoi Cavalry	true
land_units_onscreen_name_att_des_es_noble_al_rahrain	Noble al-Rahrain	true
land_units_onscreen_name_att_cel_noble_archers	Noble Archers	true
land_units_onscreen_name_cha_gen_noble_cav	Noble Cavalry	true
land_units_onscreen_name_att_rom_noble_foederati_javelinmen	Symmachoi Pezoi	true
land_units_onscreen_name_bel_ost_noble_gothic_landers	Noble Gothic Lancers	true
land_units_onscreen_name_att_ger_royal_saiones	Noble Guard Cavalry	true
land_units_onscreen_name_att_nom_noble_horse_archers	Noble Horse Archers	true
land_units_onscreen_name_bel_ost_noble_horsemen	Noble Horsemen	true
land_units_onscreen_name_bel_ost_noble_javelinmen	Noble Javelinmen	true
land_units_onscreen_name_cha_sax_noble_javelinmen	Noble Javelinmen	true
land_units_onscreen_name_cha_spa_noble_skirm	Noble Skirmishers	true
land_units_onscreen_name_att_nom_noble_steppe_cataphracts	Noble Steppe Cataphracts	true
land_units_onscreen_name_att_ger_noble_suebi_swordsmen	Noble Suebi Swordsmen	true
land_units_onscreen_name_bel_van_noble_vandal_horsemen	Noble Vandal Horsemen	true
land_units_onscreen_name_bel_van_noble_vandal_swordsmen	Noble Vandal Swordsmen	true
land_units_onscreen_name_att_nom_nokkors	Buruq Tuman	true
land_units_onscreen_name_att_est_persian_mounted_bowmen	Nomad Horse Archers	true
land_units_onscreen_name_att_mar_nom_nomadic_transport_crew	Nomadic Transport Crew	true
land_units_onscreen_name_att_mar_nor_nordic_artillery_crew	Nordic Artillery Crew	true
land_units_onscreen_name_att_mar_nor_nordic_berserker_marauders	Nordic Berserker Marauders	true
land_units_onscreen_name_att_mar_nor_nordic_heavy_marauders	Nordic Heavy Marauders	true
land_units_onscreen_name_att_mar_nor_nordic_light_boatmen	Nordic Light Boatmen	true
land_units_onscreen_name_att_mar_nor_nordic_light_marauders	Nordic Light Marauders	true
land_units_onscreen_name_att_mar_nor_nordic_marauders	Nordic Marauders	true
land_units_onscreen_name_att_nor_nordic_skirmishers	Nordic Skirmishers	true
land_units_onscreen_name_att_mar_nor_nordic_transport_crew	Nordic Transport Crew	true
land_units_onscreen_name_att_nor_nordic_warriors_slav	Nordic Warriors	true
land_units_onscreen_name_att_mar_nor_norse_bow_marauders	Norse Bow Marauders	true
land_units_onscreen_name_att_des_es_tanukhid_ambushers	Nuhhab al-mu’an	true
land_units_onscreen_name_att_rom_numeroi	Antesignani	true
land_units_onscreen_name_ERE_numerus_invictorum_spears	Numerus Invictorum	true
land_units_onscreen_name_bel_rom_skutatoi_axemen	Numerus Isaurorum - replaced	true
land_units_onscreen_name_ERE_numerus_isaurorum	Numerus Isaurorum	true
land_units_onscreen_name_att_rom_cohors	Numerus Militum	true
land_units_onscreen_name_bel_rom_skutatoi	Numerus Militum - replaced	true
land_units_onscreen_name_bel_rom_skutatoi_1	Numerus Militum - removed	true
land_units_onscreen_name_att_ger_godan's_chosen	Obsequium Swords	true
land_units_onscreen_name_cha_gen_archers	Okçular	true
land_units_onscreen_name_KOK_cha_gen_archers	Okçular	true
land_units_onscreen_name_att_alan_onager	Onager	true
land_units_onscreen_name_att_des_onager	Onager	true
land_units_onscreen_name_att_est_onager	Onager	true
land_units_onscreen_name_att_nom_onager	Onager	true
land_units_onscreen_name_att_nor_onager	Onager	true
land_units_onscreen_name_att_rom_onager	Onager	true
land_units_onscreen_name_att_slav_onager	Onager	true
land_units_onscreen_name_bel_ost_onager	Onager	true
land_units_onscreen_name_bel_rom_onager	Onager	true
land_units_onscreen_name_cha_avar_onager	Onager	true
land_units_onscreen_name_cha_byz_onager	Onager	true
land_units_onscreen_name_cha_cel_onager	Onager	true
land_units_onscreen_name_cha_eng_onager	Onager	true
land_units_onscreen_name_cha_fra_onager	Onager	true
land_units_onscreen_name_cha_gen_onager	Onager	true
land_units_onscreen_name_cha_lom_onager	Onager	true
land_units_onscreen_name_cha_mus_onager	Onager	true
land_units_onscreen_name_cha_sax_onager	Onager	true
land_units_onscreen_name_cha_slav_onager	Onager	true
land_units_onscreen_name_cha_vik_onager	Onager	true
land_units_onscreen_name_att_ger_germanic_lancers	Optimates	true
land_units_onscreen_name_bel_rom_clibanarii_1	Optimates	true
land_units_onscreen_name_att_nom_noble_horse_archers_hun	Oq Horse Archers	true
land_units_onscreen_name_kok_oq_horse_archers	Oq Horse Archers	true
land_units_onscreen_name_att_nom_hunnic_lancers	Oq Lancers	true
land_units_onscreen_name_cha_bre_armorican_cav	Oq Lancers	true
land_units_onscreen_name_KOK_cha_bre_armorican_cav	Oq Lancers	true
land_units_onscreen_name_att_mar_ger_ostrogoth_archer_marines	Ostrogoth Archer Marines	true
land_units_onscreen_name_bel_rom_foederati_horse_archers	Ounnoi - replaced	true
land_units_onscreen_name_att_nom_hunnic_mounted_warband	Outrigouroi	true
land_units_onscreen_name_att_nom_noble_acatziri_raiders	Outrigouroi	true
land_units_onscreen_name_att_est_paighan_band_garrison	Paighan Garrison Levy	true
land_units_onscreen_name_att_est_paighan_band	Paighan Levy	true
land_units_onscreen_name_att_est_persian_levy	Paighan Spears	true
land_units_onscreen_name_att_est_persian_brigade	Paighan-e Gund	true
land_units_onscreen_name_cha_fra_palace_guard	Palace Guard	true
land_units_onscreen_name_cha_fra_paladin_guardsmen	Paladin Guardsmen	true
land_units_onscreen_name_att_ger_protectores_defectors	Palatina Defectors	true
land_units_onscreen_name_cha_pap_guardsmen	Papal Guardsmen	true
land_units_onscreen_name_parabol_ERE	Parabolani	true
land_units_onscreen_name_parabol_REB	Parabolani	true
land_units_onscreen_name_ERE_paraetonitae_spears	Paraetonitae Iustiniani	true
land_units_onscreen_name_ERE_paraetonitae_swords	Paraetonitae Iustiniani	true
land_units_onscreen_name_att_ger_royal_burgundian_general	Patricius	true
land_units_onscreen_name_ERE_patrikos_obsequium	Patrikios Obsequium	true
land_units_onscreen_name_att_est_persian_camel_raiders	Persian Camel Raiders	true
land_units_onscreen_name_att_slav_peruns_axes	Perun's Axes	true
land_units_onscreen_name_att_slav_peruns_champions	Perun's Champions	true
land_units_onscreen_name_ERE_numerus_sanct_catherine	Pharanitai	true
land_units_onscreen_name_bel_rom_skutatoi_spears	Phoideratoi Doryphoroi - repplaced	true
land_units_onscreen_name_tagma_phoederaton_ERE	Phoideratoi Hippeis	true
land_units_onscreen_name_ERE_legio	Phoideratoi Spatharioi	true
land_units_onscreen_name_att_des_es_mavias_bodyguards	Phylarch	true
land_units_onscreen_name_GHAS_phylarch	Phylarch	true
land_units_onscreen_name_cha_fra_picked_marines	Picked Marines	true
land_units_onscreen_name_cha_cel_pictish_archers	Pictish Archers	true
land_units_onscreen_name_att_mar_cel_pictish_berserker_marauders	Pictish Berserker Marauders	true
land_units_onscreen_name_cha_cel_pictish_crossbowmen	Pictish Crossbowmen	true
land_units_onscreen_name_cha_cel_pictish_nobles	Pictish Nobles	true
land_units_onscreen_name_att_est_indian_elephants	Pil-Asbaran	true
land_units_onscreen_name_att_slav_posion_hunters	Poison Hunters	true
land_units_onscreen_name_att_rom_exploratores	Psiloi	true
land_units_onscreen_name_bel_rom_levis_armaturae	Psiloi -replaced	true
land_units_onscreen_name_bur_pueri_axemen	Pueri Axemen	true
land_units_onscreen_name_cha_fra_levy_skirm	Pueri Spear-Throwers	true
land_units_onscreen_name_FRA_pueri_javelins	Pueri Spear-Throwers	true
land_units_onscreen_name_att_est_pushtighban_cataphracts	Pushtighban	true
land_units_onscreen_name_ERE_quarta_scythica_swords	Quarta Scythica	true
land_units_onscreen_name_ERE_quartoparthoi_swords	Quartoparthoi	true
land_units_onscreen_name_ERE_quinta_macedonica	Quinta Macedonica	true
land_units_onscreen_name_quinta_macedonica_ERE	Quinta Macedonica - replaced	true
land_units_onscreen_name_cha_spa_raider_cav	Raider Cavalry	true
land_units_onscreen_name_slav_raiders_svantevit	Raiders of Svantevit	true
land_units_onscreen_name_att_rom_ravenna_elite_ballistarii	Erouloi Hippeis	true
land_units_onscreen_name_ERE_ravennates_swords	Ravennates	true
land_units_onscreen_name_att_ger_burgundian_guard	Rector	true
land_units_onscreen_name_ERE_regii_swords	Regii	true
land_units_onscreen_name_att_ger_germanic_horsemen	Reisheiri	true
land_units_onscreen_name_bel_ost_scholae	Renegade Gothi	true
land_units_onscreen_name_att_cel_cateran_brigade	Rherel	true
land_units_onscreen_name_att_cel_celtic_skirmishers	Rhyfelwyr Spear-Throwers	true
land_units_onscreen_name_att_cel_celtic_warband	Rhyfelwyr Swordsmen	true
land_units_onscreen_name_att_cel_celtic_berserkers	Rhyfelwyrmawr	true
land_units_onscreen_name_att_cel_kings_fianna	Rí	true
land_units_onscreen_name_att_nor_nordic_horse_lords	Riddarar	true
land_units_onscreen_name_att_des_es_desert_pikes	Rijal Spears	true
land_units_onscreen_name_att_cel_celtic_spears_2	Rindblaid Warriors	true
land_units_onscreen_name_att_mar_rom_roman_artillery_crew	Roman Artillery Crew	true
land_units_onscreen_name_att_mar_rom_roman_artillery_dbl_crew	Roman Artillery Crew	true
land_units_onscreen_name_att_mar_rom_roman_artillery_dbl_heavy_crew	Roman Artillery Crew	true
land_units_onscreen_name_att_mar_rom_roman_artillery_heavy_crew	Roman Artillery Crew	true
land_units_onscreen_name_cha_byz_artillery_crew	Roman Artillery Crew	true
land_units_onscreen_name_att_mar_rom_roman_transport_crew	Roman Transport Crew	true
land_units_onscreen_name_att_cel_royal_archers	Royal Archers	true
land_units_onscreen_name_cha_spa_royal_cav	Royal Cavalry	true
land_units_onscreen_name_cha_eng_royal_companions	Royal Companions	true
land_units_onscreen_name_cha_spa_royal_guard_cavalry	Royal Guard Cavalry	true
land_units_onscreen_name_cha_spa_royal_guardsmen	Royal Guardsmen	true
land_units_onscreen_name_cha_eng_royal_horsemen	Royal Horsemen	true
land_units_onscreen_name_cha_spa_royal_knights	Royal Knights	true
land_units_onscreen_name_att_ger_royal_lancers	Royal Lancers	true
land_units_onscreen_name_cha_eng_royal_marines	Royal Marines	true
land_units_onscreen_name_att_mar_nor_royal_saxon_marines	Royal Saxon Marines	true
land_units_onscreen_name_att_ger_royal_suebi_cavalry	Royal Suebi Cavalry	true
land_units_onscreen_name_cha_eng_royal_thegns	Royal Thegns	true
land_units_onscreen_name_att_des_elite_nubian_archers	Rumat	true
land_units_onscreen_name_att_des_es_rumha_skirmishers	Rumha Spear Throwers	true
land_units_onscreen_name_att_des_es_rumha_warriors	Rumha Warriors	true
land_units_onscreen_name_ERE_att_nom_unnigarde	Sabiroi	true
land_units_onscreen_name_att_nom_unnigarde	Sabiroi Horse Archers	true
land_units_onscreen_name_att_cel_elite_highland_archers	Saethwrabhyr	true
land_units_onscreen_name_cha_cel_welsh_longbowmen	Saethwrabhyr	true
land_units_onscreen_name_att_cel_highland_archers	Saethwyr	true
land_units_onscreen_name_cha_cel_welsh_archers	Saethwyr	true
land_units_onscreen_name_cha_lom_spear	Sagiones Spears	true
land_units_onscreen_name_VISI_sagiones_spears	Sagiones Spears	true
land_units_onscreen_name_bel_ost_sagittarii	Sagittarii	true
land_units_onscreen_name_bel_rom_sagittarii	Sagittarii	true
land_units_onscreen_name_cha_eng_select_archers	Sagittarii Britanni	true
land_units_onscreen_name_att_mar_rom_roman_bowman_marines	Sagittarii Classiarius	true
land_units_onscreen_name_bel_rom_armoured_sagittarii	Sagittarii Gravis -not in use	true
land_units_onscreen_name_att_des_desert_bowmen_ERE	Sagittarii Indigenae	true
land_units_onscreen_name_att_rom_armoured_sagittarii	Sagittarii Graves	true
land_units_onscreen_name_att_des_es_sahnegohrim	Sahnegohrim	true
land_units_onscreen_name_att_des_es_sanai	Sana’i	true
land_units_onscreen_name_att_des_es_sandstorm_lancers	Sandstorm Lancers	true
land_units_onscreen_name_att_ger_sarmatian_cataphract_archers	Sarmatian Cataphract Archers	true
land_units_onscreen_name_att_alan_sarmatian_shock_tier_4	Sarmatian Heavy Cavalry	true
land_units_onscreen_name_att_alan_sarmatian_mounted_skirmishers	Sarmatian Mounted Skirmishers	true
land_units_onscreen_name_att_des_es_bet_giorgis_cavalry	Sarwe Dakwen	true
land_units_onscreen_name_att_des_es_sons_of_the_invincible_mahrem	Sarwe Lazen	true
land_units_onscreen_name_att_mar_est_sassanid_archer_marines	Sassanid Archer Marines	true
land_units_onscreen_name_att_mar_est_sassanid_bowman_marines	Sassanid Bowman Marines	true
land_units_onscreen_name_att_est_sassanid_onager_large	Sassanid Large Onager	true
land_units_onscreen_name_att_mar_est_sassanid_light_marines	Sassanid Light Marines	true
land_units_onscreen_name_att_mar_est_sassanid_naft_marines	Sassanid Naft Marines	true
land_units_onscreen_name_att_mar_est_sassanid_slinger_marines	Sassanid Slinger Marines	true
land_units_onscreen_name_cha_sax_boatmen	Saxon Boatmen	true
land_units_onscreen_name_att_mar_nor_saxon_bow_marauders	Saxon Bow Marauders	true
land_units_onscreen_name_cha_sax_cav	Saxon Cavalry	true
land_units_onscreen_name_cha_sax_heavy_boatmen	Saxon Heavy Boatmen	true
land_units_onscreen_name_cha_sax_light_raiders	Saxon Light Raiders	true
land_units_onscreen_name_cha_sax_raiders	Saxon Raiders	true
land_units_onscreen_name_saxon_warband_west_slav	Saxon Warband	true
land_units_onscreen_name_att_des_desert_warlord	Sayk	true
land_units_onscreen_name_att_rom_praeventores	Scaramae	true
land_units_onscreen_name_att_rom_scholae_gentiles	Scholae Gentiles	true
land_units_onscreen_name_att_rom_scholae_palatinae	Scholarii	true
land_units_onscreen_name_cha_fra_scola_cav	Scola Cavalry	true
land_units_onscreen_name_cha_fra_scola_knights	Scola Knights	true
land_units_onscreen_name_cha_byz_scout_cavalry	Scout Cavalry	true
land_units_onscreen_name_cha_sax_scout_cav	Scout Cavalry	true
land_units_onscreen_name_att_ger_bagaudae	Scramasax Heriban	true
land_units_onscreen_name_att_ger_freemen	Scramasax Pueri	true
land_units_onscreen_name_cha_sax_seax_band	Seax Band	true
land_units_onscreen_name_cha_sax_seax_warriors	Seax Warriors	true
land_units_onscreen_name_SAX_seax_warriors	Seax Warriors	true
land_units_onscreen_name_cha_eng_select_axemen	Select Axemen	true
land_units_onscreen_name_cha_eng_select_spear	Select Spearmen	true
land_units_onscreen_name_att_ger_scaled_clubmen	Sgherro Axemen	true
land_units_onscreen_name_att_cel_scathas_teachers	Shadows of Scathach	true
land_units_onscreen_name_att_des_shawia_guard	Shawia Guard	true
land_units_onscreen_name_att_des_noble_numidian_cavalry	Shawia Riders	true
land_units_onscreen_name_att_est_persian_camel_archers	Shivatir-e Zrehbaran	true
land_units_onscreen_name_att_des_es_zealot_sicarius	Sicarii Iudaei	true
land_units_onscreen_name_att_nor_nordic_raid_leader	Skeppare	true
land_units_onscreen_name_att_ger_germanic_warband	Skiltfolk Axes	true
land_units_onscreen_name_att_ger_germanic_spearmen	Skiltfolk Spears	true
land_units_onscreen_name_att_ger_noble_germanic_swordsmen	Skiltfolk Swords	true
land_units_onscreen_name_SUEB_skiltfolk_sword	Skiltfolk Swords	true
land_units_onscreen_name_cha_byz_skirm	Skirmishers	true
land_units_onscreen_name_cha_fra_skirm	Skirmishers	true
land_units_onscreen_name_cha_slav_skirm	Skirmishers	true
land_units_onscreen_name_att_slav_axe_levy	Sklaboi Axe Levy	true
land_units_onscreen_name_att_slav_levy_skirmishers	Sklaboi Spear Throwers	true
land_units_onscreen_name_att_slav_levy_spearmen	Sklaboi Spearmen	true
land_units_onscreen_name_att_nom_steppe_spearmen	Sklaboi Spears	true
land_units_onscreen_name_att_nom_hunnic_dismounted_warband	Sklaboi Swordsmen	true
land_units_onscreen_name_att_slav_axe_warriors	Sklaboi Warriors	true
land_units_onscreen_name_bel_rom_skutatoi_spears_1	Skoutatoi	true
land_units_onscreen_name_cha_byz_skutatoi	Skutatoi	true
land_units_onscreen_name_cha_byz_skutatoi_axemen	Skutatoi Axemen	true
land_units_onscreen_name_ERE_limitanei_levy_spears	Skutatoi Levy	true
land_units_onscreen_name_cha_byz_skutatoi_marines	Skutatoi Marines	true
land_units_onscreen_name_cha_byz_skutatoi_spear	Skutatoi Spearmen	true
land_units_onscreen_name_cha_slav_boatmen	Slav Boatmen	true
land_units_onscreen_name_cha_slav_champions	Slav Champions	true
land_units_onscreen_name_cha_slav_elite_boatmen	Slav Elite Boatmen	true
land_units_onscreen_name_cha_slav_light_boatmen	Slav Light Boatmen	true
land_units_onscreen_name_cha_slav_raiders	Slav Raiders	true
land_units_onscreen_name_cha_slav_royal_cav	Slav Royal Cavalry	true
land_units_onscreen_name_cha_slav_tribesmen	Slav Tribesmen	true
land_units_onscreen_name_att_slav_ambushers	Slavic Ambushers	true
land_units_onscreen_name_att_slav_archers	Slavic Archers	true
land_units_onscreen_name_att_mar_slav_artillery_crew	Slavic Artillery Crew	true
land_units_onscreen_name_att_mar_slav_artillery_dbl_crew	Slavic Artillery Crew	true
land_units_onscreen_name_att_slav_axemen	Slavic Axemen	true
land_units_onscreen_name_att_slav_champions	Slavic Champions	true
land_units_onscreen_name_att_slav_horse_raiders	Slavic Horse Raiders	true
land_units_onscreen_name_att_slav_hunters	Slavic Hunters	true
land_units_onscreen_name_att_slav_large_shields	Slavic Large Shields	true
land_units_onscreen_name_att_slav_levy_archers	Slavic Levy Archers	true
land_units_onscreen_name_att_mar_slav_light_boatmen	Sklaboi Spear Shipmen	true
land_units_onscreen_name_att_mar_slav_light_marauders	Slavic Light Marauders	true
land_units_onscreen_name_att_mar_slav_archer_marauders	Slavic Marauder Archers	true
land_units_onscreen_name_att_mar_slav_bowman_marauders	Slavic Marauder Bowmen	true
land_units_onscreen_name_att_mar_slav_bow_marauders	Slavic Marauder Bows	true
land_units_onscreen_name_att_mar_slav_marauders	Sklaboi Marauders	true
land_units_onscreen_name_att_slav_noble_skirmishers	Slavic Noble Skirmishers	true
land_units_onscreen_name_att_slav_noble_spearmen	Slavic Noble Spearmen	true
land_units_onscreen_name_att_ger_vandal_berserkers	Slavic Raid Vanguard	true
land_units_onscreen_name_att_slav_raiders	Slavic Raiders	true
land_units_onscreen_name_att_slav_skirmishers	Slavic Skirmishers	true
land_units_onscreen_name_att_slav_spearmen	Slavic Spearmen	true
land_units_onscreen_name_att_ger_vandal_warlord	Slavic Warlord	true
land_units_onscreen_name_CEL_slingers	Sling Buiden	true
land_units_onscreen_name_cha_eng_fyrd_slingers	Sling Buiden	true
land_units_onscreen_name_att_ger_germanic_hurlers	Slingare	true
land_units_onscreen_name_att_des_es_adana_trackers	Sloughi Wardogs	true
land_units_onscreen_name_att_est_sogdian_camel_raiders	Sogdian Camel Raiders	true
land_units_onscreen_name_att_est_sogdian_warriors	Sogdian Warriors	true
land_units_onscreen_name_att_est_persian_mounted_warriors	Soghdian Mounted Warriors	true
land_units_onscreen_name_att_est_spahbed	Spahbod	true
land_units_onscreen_name_cha_cel_spear_boatmen	Spear Boatmen	true
land_units_onscreen_name_cha_eng_fyrd_spear_2	Spear Buiden	true
land_units_onscreen_name_nor_town_guard_spears	Spear Folk	true
land_units_onscreen_name_bas_spear_band	Spear Gudalari	true
land_units_onscreen_name_att_ger_germanic_pikes	Spear Hansa	true
land_units_onscreen_name_att_nor_elite_nordic_spearmen	Spear Hlid	true
land_units_onscreen_name_bel_ost_spear_milites	Spear Milites	true
land_units_onscreen_name_bel_ost_spear_milites_1	Spear Milites	true
land_units_onscreen_name_bel_ost_spear_milites_comitatenses	Spear Milites Comitatenses	true
land_units_onscreen_name_att_des_es_elite_tor_warriors	Spear Sarawit	true
land_units_onscreen_name_bel_ost_spear_veterans	Spear Veterans	true
land_units_onscreen_name_cha_sax_spear_veterans	Spear Veterans	true
land_units_onscreen_name_cha_sax_spear_warriors	Spear Warriors	true
land_units_onscreen_name_cha_avar_spear	Spearmen	true
land_units_onscreen_name_cha_slav_spear	Spearmen	true
land_units_onscreen_name_att_wh_spet_xyon_archers	Spet Xyon Horse Archers	true
land_units_onscreen_name_HEP_spet_xyon_horse_archers	Spet Xyon Horse Archers	true
land_units_onscreen_name_HEP_spet_xyon_horsemen	Spet Xyon Horsemen	true
land_units_onscreen_name_HEP_spet_xyon_noble_horse_archers	Spet Xyon Noble Horse Archers	true
land_units_onscreen_name_HEP_spet_xyon_noble_lancers	Spet Xyon Noble Lancers	true
land_units_onscreen_name_att_rom_funditores	Sphendonetai	true
land_units_onscreen_name_bel_rom_funditores	Sphendonetai - replaced	true
land_units_onscreen_name_HEP_steppe_bows	Steppe Bows	true
land_units_onscreen_name_att_nom_steppe_chieftain	Steppe Chieftain	true
land_units_onscreen_name_HEP_steppe_hordes	Steppe Hordes	true
land_units_onscreen_name_cha_gen_skirm_cav	Steppe Horse Archers	true
land_units_onscreen_name_HEP_steppe_horse_archers	Steppe Horse Archers	true
land_units_onscreen_name_KOK_cha_gen_skirm_cav	Steppe Horse Archers	true
land_units_onscreen_name_HEP_steppe_khan	Steppe Khan	true
land_units_onscreen_name_att_nom_steppe_lancers	Steppe Lancers	true
land_units_onscreen_name_HEP_steppe_lancers	Steppe Lancers	true
land_units_onscreen_name_att_nom_steppe_levy	Steppe Levy	true
land_units_onscreen_name_HEP_steppe_levy	Steppe Levy	true
land_units_onscreen_name_att_nom_chosen_uar_warriors	Steppe Levy Spearmen	true
land_units_onscreen_name_cha_gen_levy_skirm	Steppe Levy Spearmen	true
land_units_onscreen_name_cha_gen_skirm	Steppe Levy Spearmen	true
land_units_onscreen_name_att_nom_steppe_mounted_bows	Steppe Mounted Bows	true
land_units_onscreen_name_att_nom_steppe_mounted_brigands	Steppe Mounted Brigands	true
land_units_onscreen_name_HEP_steppe_nomads	Steppe Nomads	true
land_units_onscreen_name_att_nom_uar_warriors	Steppe Spearmen	true
land_units_onscreen_name_att_wh_xionite_spears	Steppe Spearmen	true
land_units_onscreen_name_cha_gen_armoured_spear	Steppe Spearmen	true
land_units_onscreen_name_HEP_steppe_spearmen	Steppe Spearmen	true
land_units_onscreen_name_kok_cha_gen_armoured_spear	Steppe Spearmen	true
land_units_onscreen_name_att_wh_guardians_of_the_hindu_kush	Steppe Tribesmen	true
land_units_onscreen_name_cha_gen_levy_archers	Steppe Tribesmen	true
land_units_onscreen_name_HEP_steppe_tribesmen	Steppe Tribesmen	true
land_units_onscreen_name_att_nom_steppe_tribespeople	Steppe Tribespeople	true
land_units_onscreen_name_att_nom_steppe_warlord	Steppe Warlord	true
land_units_onscreen_name_att_wh_khingilas_khandas	Steppe Warriors	true
land_units_onscreen_name_cha_gen_sword	Steppe Warriors	true
land_units_onscreen_name_HEP_steppe_warriors	Steppe Warriors	true
land_units_onscreen_name_att_nor_nordic_raiders	Strandhögg Riders	true
land_units_onscreen_name_att_ger_suebi_champions	Suebi Champions	true
land_units_onscreen_name_att_ger_suebi_nobles	Suebi Nobles	true
land_units_onscreen_name_att_ger_suebi_oath_takers	Suebi Oath Takers	true
land_units_onscreen_name_att_ger_suebi_warriors	Suebi Warriors	true
land_units_onscreen_name_att_slav_svarogs_raiders	Svarog's Raiders	true
land_units_onscreen_name_nor_boars_head	Svinfylking	true
land_units_onscreen_name_cha_cel_sword_band	Sword Band	true
land_units_onscreen_name_cha_cel_sword_boatmen	Sword Boatmen	true
land_units_onscreen_name_att_ger_gothic_falxmen	Sword Hansa	true
land_units_onscreen_name_SUEB_sword_levy	Sword Hansa	true
land_units_onscreen_name_att_nor_nordic_warriors	Sword Hlid	true
land_units_onscreen_name_cha_sax_sword_veterans	Sword Veterans	true
land_units_onscreen_name_cha_cel_sword_warriors	Sword Warriors	true
land_units_onscreen_name_cha_fra_sword	Swordsmen	true
land_units_onscreen_name_cha_lom_sword	Swordsmen	true
land_units_onscreen_name_ERE_symmachoi_hippeis	Symmachoi Hippeis	true
land_units_onscreen_name_bel_rom_foederati	Symmachoi Pezoi - replaced	true
land_units_onscreen_name_bel_rom_foederati_1	Symmachoi Pezoi - replaced	true
land_units_onscreen_name_ERE_limitanei_levy_lancers	Tagma	true
land_units_onscreen_name_att_rom_tagmata_cavalry	Magister Militum	true
land_units_onscreen_name_bel_rom_tagmata_cavalry	Tagmata Cavalry	true
land_units_onscreen_name_cha_byz_tagmata_cavalry	Tagmata Cavalry	true
land_units_onscreen_name_att_nom_hunnic_mounted_bows	Tarkhan Horse Archers	true
land_units_onscreen_name_att_cel_kings_warband	Teaghlach	true
land_units_onscreen_name_att_cel_mormaer_cavalry	Teulu	true
land_units_onscreen_name_cha_cel_teulu	Teulu	true
land_units_onscreen_name_cha_cel_teulu_marines	Teulu Marines	true
land_units_onscreen_name_cha_pope	The Pope	true
land_units_onscreen_name_att_nor_nordic_warlord	Thegn	true
land_units_onscreen_name_cha_eng_thegn_boatmen	Thegn Boatmen	true
land_units_onscreen_name_cha_eng_thegn_spearmen	Thegn Spearmen	true
land_units_onscreen_name_cha_eng_thegns	Thegns	true
land_units_onscreen_name_pict_thomordaoer	Thomordaoer Axes	true
land_units_onscreen_name_att_nor_thrall_skirmishers	Thrall Skirmishers	true
land_units_onscreen_name_att_nor_thrall_spears	Thrall Spears	true
land_units_onscreen_name_THUR_elite_lancers	Thuringi Adalboro Lancers	true
land_units_onscreen_name_THUR_light_horse_archers	Thuringi Horse Archers	true
land_units_onscreen_name_HEP_tokharistani_spear_throwers	Tokharistani Spear Throwers	true
land_units_onscreen_name_att_des_es_tor_warriors	T'or Warriors	true
land_units_onscreen_name_ERE_kok_oq_horse_archers	Tourkoi	true
land_units_onscreen_name_att_rom_sagittarii	Toxotai	true
land_units_onscreen_name_ERE_equites_toxoto_dalmatae	Toxoto Dalmatae	true
land_units_onscreen_name_att_rom_palatina	Transfugae	true
land_units_onscreen_name_ERE_transtigritiani_spears	Transtigritani	true
land_units_onscreen_name_cha_vik_archers	Tribal Archers	true
land_units_onscreen_name_AKS_spear_throwers	Tribal Spear Throwers	true
land_units_onscreen_name_cha_vik_skirm	Tribal Spear Throwers	true
land_units_onscreen_name_AKS_tribal_spears	Tribal Spears	true
land_units_onscreen_name_cha_vik_spear	Tribal Spears	true
land_units_onscreen_name_HIM_spear	Tribal Spears	true
land_units_onscreen_name_NOB_tribal_spears	Tribal Spears	true
land_units_onscreen_name_cha_vik_sword_hirdmen	Tribal Swords	true
land_units_onscreen_name_cha_avar_tribesmen	Tribesmen	true
land_units_onscreen_name_cha_spa_tribesmen	Tribesmen	true
land_units_onscreen_name_att_ger_antrustriones_cavalry_guard	Trustis Dominica	true
land_units_onscreen_name_cha_mus_andalusian_cav	Tuareg Riders	true
land_units_onscreen_name_MAUR_tuareg_riders	Tuareg Riders	true
land_units_onscreen_name_cha_cel_sword	Tyrannus	true
land_units_onscreen_name_ERE_att_alan_alani_swordsmen	Tzanoi	true
land_units_onscreen_name_att_nor_wolf_coats	Úlfhéðnar	true
land_units_onscreen_name_att_nor_nordic_hurlers	Valslongva Skirmishers	true
land_units_onscreen_name_att_mar_ger_vandal_artillery_crew	Vandal Artillery Crew	true
land_units_onscreen_name_att_mar_ger_vandal_artillery_dbl_crew	Vandal Artillery Crew	true
land_units_onscreen_name_att_mar_ger_vandal_artillery_heavy_crew	Vandal Artillery Crew	true
land_units_onscreen_name_att_mar_ger_vandal_bow_marauders	Vandal Bow Marauders	true
land_units_onscreen_name_att_mar_ger_vandal_bowman_marauders	Vandal Bowman Marauders	true
land_units_onscreen_name_att_mar_ger_vandal_heavy_marauders	Vandal Heavy Marauders	true
land_units_onscreen_name_bel_van_vandal_horsemen	Vandal Horsemen	true
land_units_onscreen_name_att_mar_ger_vandal_light_boatmen	Vandal Light Boatmen	true
land_units_onscreen_name_att_mar_ger_vandal_light_marauders	Vandal Light Marauders	true
land_units_onscreen_name_att_mar_ger_vandal_marauders	Vandal Marauders	true
land_units_onscreen_name_bel_van_vandali_comitatus	Vandali Comitatus	true
land_units_onscreen_name_att_slav_veles_chosen	Veles' Chosen	true
land_units_onscreen_name_bel_ost_veterans	Veterans	true
land_units_onscreen_name_bel_rom_cataphracti	Vexillatio - replaced	true
land_units_onscreen_name_ERE_victores_spears	Victores	true
land_units_onscreen_name_cha_vik_heavy_raiders	Viking Heavy Raiders	true
land_units_onscreen_name_cha_vik_hunters	Viking Hunters	true
land_units_onscreen_name_cha_vik_marauders	Viking Marauders	true
land_units_onscreen_name_cha_vik_raiders	Viking Raiders	true
land_units_onscreen_name_cha_vik_ship_archers	Viking Ship Archers	true
land_units_onscreen_name_cha_vik_smashers	Viking Smashers	true
land_units_onscreen_name_LOM_viri_devoti	Viri Devoti	true
land_units_onscreen_name_att_des_es_wadai	Wada’i	true
land_units_onscreen_name_att_nor_warhounds	Warhounds	true
land_units_onscreen_name_cha_sax_warhounds	Warhounds	true
land_units_onscreen_name_cha_vik_warlords_companions	Warlord's Companions	true
land_units_onscreen_name_att_slav_warlords_guard	Warlord's Guard	true
land_units_onscreen_name_att_ger_vandal_raiders	Wend Raiders	true
land_units_onscreen_name_att_rom_western_auxilia_palatina	Phoideratoi Doryphoroi	true
land_units_onscreen_name_att_mar_rom_western_ballista_marines	Western Ballista Marines	true
land_units_onscreen_name_att_mar_rom_western_light_marines	Western Light Marines	true
land_units_onscreen_name_att_wh_yanda_spearmasters	Hindi Levy	true
land_units_onscreen_name_att_des_es_zafar_sentinels	Zafar Sentinels	true
land_units_onscreen_name_bas_noble_archers	Zain Archers	true
land_units_onscreen_name_bas_noble_spears	Zain Spearmen	true
land_units_onscreen_name_bas_nobles	Zain Swordsmen	true
land_units_onscreen_name_bas_javelin_cavalry	Zaldika Gudalari	true
land_units_onscreen_name_cantabrian_jav_cav	Zaldika Zelata	true
land_units_onscreen_name_bas_ambushers	Zelata Warband	true
land_units_onscreen_name_att_est_grivpanvar_cataphracts	Zhayedan	true
land_units_onscreen_name_AKS_elephant_tower	Zhon Tornet	true
land_units_onscreen_name_att_des_es_zodiac_archers	al-Shahba Horse Archers	true
land_units_onscreen_name_HIM_banu_abs_lancer	Banu Abs Lancers	true
land_units_onscreen_name_bas_levy_slingers	Slingare	true
land_units_onscreen_name_BRIT_campwyrau	Campwyrau	true
land_units_onscreen_name_VISI_milites_gothi	Milites Gothi	true
land_units_onscreen_name_att_rom_v_mace_lbs	Milites Praesentales	true
land_units_onscreen_name_ERE_avar_horse_archers	Avaroi Toxotai Hippeis	true
land_units_onscreen_name_ERE_boukelaroi_toxotai	Boukelaroi Toxotai	true
land_units_onscreen_name_ERE_early_optimatoi	Early Optimatoi	true
land_units_onscreen_name_ERE_protectores_palatina	Protectores Palatina	true
land_units_onscreen_name_KOK_axe_warriors	Kök Türük Axe Warriors	true
land_units_onscreen_name_KOK_steppe_bows	Steppe Bows	true
land_units_onscreen_name_QUR_rijal_spears	Rijal Spears	true
land_units_onscreen_name_QUR_banu_judham_lancers	Judham Heavy Lancers	true
land_units_onscreen_name_BAL_shieldwall	Aestii Shieldwall	true
land_units_onscreen_name_BAL_battle_knives	Battle-Knife Warriors	true
land_units_onscreen_name_BAL_seax	Seax Warriors	true
land_units_onscreen_name_BAL_nordic_retinue	Nordic Retinue	true
land_units_onscreen_name_BAL_kursi	Kursi	true
land_units_onscreen_name_BAL_kursi_retinue	Kursi Retinue	true
land_units_onscreen_name_BAL_chieftains_retinue	Chieftain's Retinue	true
land_units_onscreen_name_BAL_heavy_ambushers	Heavy Ambushers	true
land_units_onscreen_name_BAL_kursi_swords	Kursi Retinue Swords	true
land_units_onscreen_name_BAL_armoured_retinue	Armoured Retinue	true
land_units_onscreen_name_BAL_maulers	Horse Maulers	true
land_units_onscreen_name_BAL_javelins	Aestii Spear Throwers	true
land_units_onscreen_name_CORD_vesontes	Legiones Vesontes	true
land_units_onscreen_name_SAS_soghdian_footmen	Soghdian Footmen	true
land_units_onscreen_name_SAS_Nomad_javelinmen	Nomad Spear Throwers	true
land_units_onscreen_name_SAS_armenian_spearmen	Armenian Spearmen	true
land_units_onscreen_name_SAS_fursan	Fursan	true
land_units_onscreen_name_SAS_frasdaran	Frasdaran	true
land_units_onscreen_name_SAS_syrian_archers	Syrian Archers	true
land_units_onscreen_name_ALL_garrison_archers	Garrison Archers	true
land_units_onscreen_name_ALL_garrison_archers_EAST	Garrison Archers	true
